,/intelcpu/0/load/1,/intelcpu/0/load/2,/intelcpu/0/load/0,/intelcpu/0/temperature/0,/intelcpu/0/temperature/1,/intelcpu/0/temperature/2,/intelcpu/0/clock/1,/intelcpu/0/clock/2,/intelcpu/0/power/0,/intelcpu/0/power/1,/intelcpu/0/power/2,/intelcpu/0/clock/0,/ram/load/0,/ram/data/0,/ram/data/1,/nvidiagpu/0/temperature/0,/nvidiagpu/0/clock/0,/nvidiagpu/0/clock/1,/nvidiagpu/0/clock/2,/nvidiagpu/0/load/0,/nvidiagpu/0/load/1,/nvidiagpu/0/load/2,/nvidiagpu/0/load/3,/nvidiagpu/0/smalldata/3,/nvidiagpu/0/smalldata/2,/nvidiagpu/0/smalldata/1,/nvidiagpu/0/load/4,/hdd/0/temperature/0,/hdd/0/load/0
Time,"CPU Core #1","CPU Core #2","CPU Total","CPU Core #1","CPU Core #2","CPU Package","CPU Core #1","CPU Core #2","CPU Package","CPU Cores","CPU Graphics","Bus Speed","Memory","Used Memory","Available Memory","GPU Core","GPU Core","GPU Memory","GPU Shader","GPU Core","GPU Frame Buffer","GPU Video Engine","GPU Bus Interface","GPU Memory Total","GPU Memory Used","GPU Memory Free","GPU Memory","Temperature","Used Space"
02/01/2021 23:52:35,7.8125,9.375,8.59375,48,46,48,798.189636,798.189636,3.04270983,0.81475544,0.0206454545,99.7737045,28.5920334,2.253521,5.62812042,39,135,405.000031,270,0,0,0,0,1024,37.0625,986.9375,3.61938477,19,7.54550171
02/01/2021 23:52:36,18.75,14.84375,16.796875,49,49,49,2494.343,798.189758,3.954394,1.33485556,0.150884256,99.77372,28.5938644,2.253666,5.62797546,39,135,405.000031,270,0,0,0,0,1024,37.0625,986.9375,3.61938477,19,7.54550171
02/01/2021 23:52:37,21.09375,14.0625,17.578125,48,48,49,798.189,798.189,3.837058,1.39627051,0.0121010114,99.77363,28.5947876,2.2537384,5.627903,39,135,405.000031,270,0,0,0,0,1024,37.0625,986.9375,3.61938477,19,7.54550171
02/01/2021 23:52:38,11.71875,7.03125,9.375,46,42,49,798.1897,798.1897,3.13452268,0.9442448,0.00480652042,99.77371,28.597496,2.253952,5.62768936,39,135,405.000031,270,0,0,0,0,1024,37.0625,986.9375,3.61938477,19,7.54550171
02/01/2021 23:52:39,11.71875,6.25,8.984375,48,48,49,798.1894,798.1894,2.97613144,0.788609564,0.00488303136,99.773674,28.6083374,2.25480652,5.626835,39,135,405.000031,270,0,0,0,0,1024,37.0625,986.9375,3.61938477,19,7.54550171
02/01/2021 23:52:40,39.84375,16.40625,28.125,52,45,54,2494.34326,2494.34326,9.082725,6.094454,0.00405907258,99.773735,30.8908234,2.43470383,5.44693756,39,135,405.000031,270,0,0,0,0,1024,37.0625,986.9375,3.61938477,19,7.54550171
02/01/2021 23:52:41,37.5,30.46875,33.984375,53,47,54,2494.34229,2494.34229,9.769492,6.52771,0.004226813,99.7737,37.09127,2.92340088,4.95824051,40,135,405.000031,270,0,0,0,0,1024,37.0625,986.9375,3.61938477,19,7.54550171
02/01/2021 23:52:42,43.75,44.53125,44.140625,55,48,55,2494.34229,2494.34229,10.0166922,7.05158138,0.004257344,99.77369,38.40203,3.02671051,4.854931,40,135,405.000031,270,0,0,0,0,1024,37.0625,986.9375,3.61938477,19,7.54550171
02/01/2021 23:52:43,42.96875,41.40625,42.1875,54,48,55,2494.3418,2494.3418,10.2168884,7.246979,0.003082386,99.77367,40.31755,3.17768478,4.7039566,40,135,405.000031,270,0,0,0,0,1024,37.0625,986.9375,3.61938477,19,7.54550171
02/01/2021 23:52:44,53.90625,46.875,50.390625,55,49,55,2494.342,2494.342,10.3539772,7.378701,0.004058977,99.77368,41.751297,3.29068756,4.590954,40,135,405.000031,270,0,0,0,0,1024,37.0625,986.9375,3.61938477,19,7.54550171
02/01/2021 23:52:45,55.46875,42.96875,49.21875,56,52,56,2494.34277,2494.34277,10.4487295,7.479045,0.00306711486,99.77371,43.5975571,3.436203,4.44543839,40,135,405.000031,270,0,0,0,0,1024,37.0625,986.9375,3.61938477,19,7.54550171
02/01/2021 23:52:46,88.28125,82.03125,85.15625,58,55,58,2494.34082,2494.34082,12.5791388,9.031528,0.00465407455,99.7736359,49.7481,3.920967,3.96067429,41,135,405.000031,270,0,0,0,0,1024,37.0625,986.9375,3.61938477,19,7.54550171
02/01/2021 23:52:47,99.21875,100,99.609375,58,56,58,2494.34326,2494.34326,13.544919,10.2093229,0.00312816026,99.773735,52.402153,4.13015,3.75149155,41,135,405.000031,270,0,0,0,0,1024,37.0625,986.9375,3.61938477,19,7.54550171
02/01/2021 23:52:48,97.65625,97.65625,97.65625,58,56,59,2494.34253,2494.34253,13.21685,10.1887054,0.00494401,99.7737045,51.9214973,4.092266,3.78937531,41,135,405.000031,270,0,0,0,0,1024,37.0625,986.9375,3.61938477,19,7.54550171
02/01/2021 23:52:49,82.03125,88.28125,85.15625,52,52,54,2494.34131,2494.34131,12.2638941,9.163175,0.00315867364,99.77365,42.5440369,3.35316849,4.528473,42,135,405.000031,270,0,0,0,0,1024,37.0625,986.9375,3.61938477,19,7.54550171
02/01/2021 23:52:50,55.46875,63.28125,59.375,57,56,59,2494.343,2494.343,11.31581,7.88160229,0.0213019568,99.77372,47.87406,3.773262,4.10837936,42,135,405.000031,270,0,0,0,0,1024,37.0625,986.9375,3.61938477,20,7.5455246
02/01/2021 23:52:51,78.90625,80.46875,79.6875,59,58,59,2494.34229,2494.34229,12.3383408,8.882759,0.012054868,99.77369,50.5837746,3.98683167,3.89480972,42,135,405.000031,270,0,0,0,0,1024,37.0625,986.9375,3.61938477,20,7.5455246
02/01/2021 23:52:52,98.4375,100,99.21875,58,57,59,2494.342,2494.342,13.3034449,10.10884,0.006592005,99.77369,52.1435547,4.109768,3.77187347,42,135,405.000031,270,0,0,0,0,1024,37.0625,986.9375,3.61938477,20,7.5455246
02/01/2021 23:52:53,100,100,100,58,57,59,2494.34229,2494.34229,12.0923357,9.085636,0.00587484334,99.77369,52.0216827,4.10016251,3.781479,43,135,405.000031,270,0,0,0,0,1024,37.0625,986.9375,3.61938477,20,7.5455246
02/01/2021 23:52:54,100,100,100,59,57,59,2494.34229,2494.34229,12.0593042,9.054801,0.00563066825,99.77369,51.2410431,4.03863525,3.84300613,43,135,405.000031,270,0,0,0,0,1024,37.0625,986.9375,3.61938477,20,7.5455246
02/01/2021 23:52:55,100,100,100,58,57,59,2494.34058,2494.34058,12.0811577,9.109012,0.00427260529,99.77363,51.2416725,4.038685,3.84295654,43,135,405.000031,270,0,0,0,0,1024,37.0625,986.9375,3.61938477,20,7.5455246
02/01/2021 23:52:56,100,100,100,59,57,59,2494.34351,2494.34351,12.03473,9.024879,0.005935865,99.77374,51.2855721,4.042145,3.83949661,43,135,405.000031,270,0,0,0,0,1024,37.0625,986.9375,3.61938477,20,7.5455246
02/01/2021 23:52:57,100,100,100,59,58,59,2494.34229,2494.34229,12.0803251,9.087443,0.003738527,99.77369,51.39902,4.05108643,3.830555,43,135,405.000031,270,0,0,0,0,1024,37.0625,986.9375,3.61938477,20,7.5455246
02/01/2021 23:52:58,100,100,100,59,58,59,2494.34229,2494.34229,12.1771526,9.160983,0.006103721,99.77369,51.6459541,4.070549,3.81109238,43,135,405.000031,270,0,0,0,0,1024,37.0625,986.9375,3.61938477,20,7.5455246
02/01/2021 23:52:59,100,100,100,59,58,59,2494.34229,2494.34229,12.0345163,9.053781,0.003997935,99.77369,51.6555862,4.071308,3.81033325,44,135,405.000031,270,0,0,0,0,1024,37.0625,986.9375,3.61938477,20,7.5455246
02/01/2021 23:53:00,83.59375,84.375,83.984375,58,52,59,2494.342,2494.342,11.526804,8.501224,0.00508134253,99.77369,51.3735123,4.049076,3.83256531,44,135,405.000031,270,0,0,0,0,1024,37.0625,986.9375,3.61938477,20,7.5455246
02/01/2021 23:53:01,100,100,100,60,59,61,2494.342,2494.342,13.0677757,10.1109734,0.0127568049,99.77368,51.4229279,4.052971,3.8286705,44,135,405.000031,270,0,0,0,0,1024,37.0625,986.9375,3.61938477,20,7.5455246
02/01/2021 23:53:02,100,100,100,59,60,61,2494.34229,2494.34229,13.0704336,10.0888758,0.0216681864,99.7737,51.437355,4.05410767,3.82753372,44,135,405.000031,270,0,0,0,0,1024,37.0625,986.9375,3.61938477,20,7.5455246
02/01/2021 23:53:03,100,100,100,60,59,61,2494.34253,2494.34253,13.0710821,10.09479,0.0204474311,99.7737,51.4420471,4.05447769,3.8271637,44,135,405.000031,270,0,0,0,0,1024,37.0625,986.9375,3.61938477,20,7.5455246
02/01/2021 23:53:04,100,100,100,60,61,61,2494.342,2494.342,13.0461159,10.0317183,0.0222785678,99.77368,51.4596634,4.05586624,3.82577515,45,135,405.000031,270,0,0,0,0,1024,37.0625,986.9375,3.61938477,20,7.5455246
02/01/2021 23:53:05,100,100,100,60,60,61,2494.342,2494.342,13.03298,10.0239077,0.0205390118,99.77368,51.466053,4.05637,3.82527161,45,135,405.000031,270,0,0,0,0,1024,37.0625,986.9375,3.61938477,20,7.5455246
02/01/2021 23:53:06,100,100,100,60,61,62,2494.34229,2494.34229,13.0451717,10.0123873,0.0216987189,99.77369,51.47128,4.056782,3.82485962,45,135,405.000031,270,0,0,0,0,1024,37.0625,986.9375,3.61938477,20,7.5455246
02/01/2021 23:53:07,100,100,100,61,60,62,2494.34131,2494.34131,13.0765486,10.0563059,0.0205695368,99.77365,51.46833,4.056549,3.82509232,45,135,405.000031,270,0,0,0,0,1024,37.0625,986.9375,3.61938477,20,7.5455246
02/01/2021 23:53:08,100,100,100,61,60,62,2494.34326,2494.34326,13.0807705,10.0275993,0.02266005,99.773735,51.4929657,4.05849075,3.82315063,45,135,405.000031,270,0,0,0,0,1024,37.0625,986.9375,3.61938477,20,7.5455246
02/01/2021 23:53:09,100,100,100,61,61,62,2494.342,2494.342,13.1054707,10.0662165,0.0209510028,99.77369,51.4912224,4.05835342,3.823288,45,135,405.000031,270,0,0,0,0,1024,37.0625,986.9375,3.61938477,20,7.5455246
02/01/2021 23:53:10,100,100,100,61,60,63,2494.34229,2494.34229,13.1032677,10.0293732,0.0230568033,99.77369,51.5031776,4.05929565,3.82234573,46,135,405.000031,270,0,0,0,0,1024,37.0625,986.9375,3.61938477,20,7.5455246
02/01/2021 23:53:11,100,100,100,61,60,62,2494.34229,2494.34229,13.0762615,10.0299549,0.0207373928,99.77369,51.50158,4.05917,3.82247162,46,135,405.000031,270,0,0,0,0,1024,37.0625,986.9375,3.61938477,20,7.5455246
02/01/2021 23:53:12,100,100,100,60,60,63,2494.34229,2494.34229,13.0960464,10.0403271,0.0220802017,99.77369,51.5053062,4.0594635,3.822178,46,135,405.000031,270,0,0,0,0,1024,37.0625,986.9375,3.61938477,20,7.5455246
02/01/2021 23:53:13,100,100,100,62,61,63,2494.34229,2494.34229,13.0536623,10.0291767,0.0208594669,99.77369,51.5073357,4.05962372,3.82201767,46,135,405.000031,270,0,0,0,0,1024,37.0625,986.9375,3.61938477,20,7.5455246
02/01/2021 23:53:14,100,100,100,61,61,63,2494.342,2494.342,13.03928,9.990123,0.0229347181,99.77368,51.5054,4.059471,3.82217026,46,135,405.000031,270,0,0,0,0,1024,37.0625,986.9375,3.61938477,20,7.5455246
02/01/2021 23:53:15,100,100,100,61,61,63,2494.34229,2494.34229,13.0494175,10.0087433,0.02116465,99.77369,51.5013847,4.05915451,3.82248688,47,135,405.000031,270,0,0,0,0,1024,37.0625,986.9375,3.61938477,20,7.5455246
02/01/2021 23:53:16,100,100,100,62,62,63,2494.34229,2494.34229,13.0899382,10.0497417,0.0206457954,99.77369,51.49524,4.05867,3.82297134,46,135,405.000031,270,0,0,0,0,1024,37.0625,986.9375,3.61938477,20,7.5455246
02/01/2021 23:53:17,100,100,100,62,61,63,2494.34229,2494.34229,13.0921516,10.0326452,0.0215156265,99.77369,51.49306,4.05849838,3.823143,46,135,405.000031,270,0,0,0,0,1024,37.0625,986.9375,3.61938477,20,7.5455246
02/01/2021 23:53:18,100,100,100,63,62,63,2494.34229,2494.34229,13.057992,10.0337029,0.0213020053,99.77369,51.490593,4.058304,3.82333755,47,135,405.000031,270,0,0,0,0,1024,37.0625,986.9375,3.61938477,20,7.5455246
02/01/2021 23:53:19,100,100,100,62,61,63,2494.34229,2494.34229,13.08244,10.030282,0.0216986779,99.77369,51.48164,4.057598,3.82404327,47,135,405.000031,270,0,0,0,0,1024,37.0625,986.9375,3.61938477,20,7.5455246
02/01/2021 23:53:20,100,100,100,61,63,63,2494.34229,2494.34229,13.0504084,10.0154409,0.0203406457,99.77369,51.4755859,4.05712128,3.82452,47,135,405.000031,270,0,0,0,0,1024,37.0625,986.9375,3.61938477,20,7.54556274
02/01/2021 23:53:21,100,100,100,62,62,64,2494.342,2494.342,13.0880375,10.0399313,0.02134776,99.77368,51.4670677,4.05645,3.8251915,47,135,405.000031,270,0,0,0,0,1024,37.0625,986.9375,3.61938477,20,7.54556274
02/01/2021 23:53:22,100,100,100,62,63,64,2494.34229,2494.34229,13.1039753,10.0561428,0.0203864332,99.7737,51.4594727,4.055851,3.82579041,47,135,405.000031,270,0,0,0,0,1024,37.0625,986.9375,3.61938477,20,7.54556274
02/01/2021 23:53:23,100,100,100,62,62,64,2494.34229,2494.34229,13.08441,10.0203142,0.0215155911,99.77369,51.4562263,4.0555954,3.826046,47,135,405.000031,270,0,0,0,0,1024,37.0625,986.9375,3.61938477,20,7.54556274
02/01/2021 23:53:24,100,100,100,62,63,64,2494.34229,2494.34229,13.05399,10.0068769,0.0205542687,99.7737,51.4616,4.056019,3.82562256,47,135,405.000031,270,0,0,0,0,1024,37.0625,986.9375,3.61938477,20,7.54556274
02/01/2021 23:53:25,100,100,100,62,63,64,2494.342,2494.342,13.0468683,9.975934,0.02153087,99.77368,51.4566154,4.055626,3.82601547,47,135,405.000031,270,0,0,0,0,1024,37.0625,986.9375,3.61938477,20,7.54556274
02/01/2021 23:53:26,100,100,100,62,63,64,2494.342,2494.342,13.0374784,9.977944,0.019989673,99.77369,51.4571953,4.05567169,3.8259697,47,135,405.000031,270,0,0,0,0,1024,37.0625,986.9375,3.61938477,20,7.54556274
02/01/2021 23:53:27,100,100,100,63,63,64,2494.34229,2494.34229,13.0290213,9.96186,0.0210727565,99.77369,51.4524536,4.055298,3.82634354,48,135,405.000031,270,0,0,0,0,1024,37.0625,986.9375,3.61938477,20,7.54556274
02/01/2021 23:53:28,100,100,100,62,63,64,2494.342,2494.342,13.0674057,10.012063,0.0208750591,99.77369,51.44979,4.055088,3.82655334,48,135,405.000031,270,0,0,0,0,1024,37.0625,986.9375,3.61938477,20,7.54556274
02/01/2021 23:53:29,100,100,100,63,63,64,2494.34253,2494.34253,13.08616,10.0144939,0.02214124,99.7737045,51.4481468,4.05495834,3.826683,48,135,405.000031,270,0,0,0,0,1024,37.0625,986.9375,3.61938477,20,7.54556274
02/01/2021 23:53:30,100,100,100,64,63,65,2494.34131,2494.34131,13.087698,10.0333948,0.01997444,99.77365,51.4417076,4.054451,3.8271904,48,135,405.000031,270,0,0,0,0,1024,37.0625,986.9375,3.61938477,20,7.54556274
02/01/2021 23:53:31,100,100,100,64,63,64,2494.343,2494.343,13.06017,10.0031567,0.021454541,99.77372,51.4435959,4.0546,3.82704163,48,135,405.000031,270,0,0,0,0,1024,37.0625,986.9375,3.61938477,20,7.54556274
02/01/2021 23:53:32,100,100,100,64,64,65,2494.342,2494.342,13.0669918,10.01638,0.021042591,99.77368,51.4420929,4.05448151,3.82716,48,135,405.000031,270,0,0,0,0,1024,37.0625,986.9375,3.61938477,20,7.54556274
02/01/2021 23:53:33,100,100,100,64,62,65,2494.34229,2494.34229,13.0750113,9.987856,0.02372822,99.77369,51.4403038,4.05434036,3.827301,48,135,405.000031,270,0,0,0,0,1024,37.0625,986.9375,3.61938477,20,7.54556274
02/01/2021 23:53:34,100,100,100,64,63,64,2494.34229,2494.34229,13.0744791,10.0121994,0.0211646333,99.77369,51.4406929,4.054371,3.82727051,48,135,405.000031,270,0,0,0,0,1024,37.0625,986.9375,3.61938477,20,7.54556274
02/01/2021 23:53:35,100,100,100,64,62,64,2494.34229,2494.34229,13.0875664,10.03798,0.0210730936,99.7737,51.44321,4.05456924,3.82707214,48,135,405.000031,270,0,0,0,0,1024,37.0625,986.9375,3.61938477,20,7.54556274
02/01/2021 23:53:36,100,100,100,63,64,65,2494.34229,2494.34229,13.0858717,10.0088987,0.0219123289,99.7737,51.45047,4.05514145,3.8265,48,135,405.000031,270,0,0,0,0,1024,37.0625,986.9375,3.61938477,20,7.54556274
02/01/2021 23:53:37,100,100,100,63,63,65,2494.342,2494.342,13.0955791,10.0200214,0.0204779841,99.77368,51.45173,4.05524063,3.82640076,48,135,405.000031,270,0,0,0,0,1024,37.0625,986.9375,3.61938477,20,7.54556274
02/01/2021 23:53:38,100,100,100,65,64,65,2494.34253,2494.34253,13.0770121,9.984778,0.0224311538,99.7737,51.45439,4.05545044,3.826191,49,135,405.000031,270,0,0,0,0,1024,37.0625,986.9375,3.61938477,20,7.54556274
02/01/2021 23:53:39,100,100,100,64,63,64,2494.3418,2494.3418,13.0756941,10.0059195,0.0210730936,99.773674,51.4616,4.056019,3.82562256,48,135,405.000031,270,0,0,0,0,1024,37.0625,986.9375,3.61938477,20,7.54556274
02/01/2021 23:53:40,100,100,100,64,64,65,2494.34253,2494.34253,13.0888481,10.0415659,0.02073739,99.7737,51.46407,4.05621338,3.825428,49,135,405.000031,270,0,0,0,0,1024,37.0625,986.9375,3.61938477,20,7.54556274
02/01/2021 23:53:41,100,100,100,64,64,65,2494.342,2494.342,13.071353,10.0020075,0.0225684922,99.77368,51.4671669,4.05645752,3.82518387,49,135,405.000031,270,0,0,0,0,1024,37.0625,986.9375,3.61938477,20,7.54556274
02/01/2021 23:53:42,100,100,100,64,64,65,2494.34229,2494.34229,13.1218948,10.0761967,0.0203559231,99.77369,51.473217,4.05693436,3.824707,49,135,405.000031,270,0,0,0,0,1024,37.0625,986.9375,3.61938477,20,7.54556274
02/01/2021 23:53:43,100,100,100,65,64,65,2494.34229,2494.34229,13.1331892,10.0643768,0.0226447973,99.77369,51.4726372,4.05688858,3.82475281,49,135,405.000031,270,0,0,0,0,1024,37.0625,986.9375,3.61938477,20,7.54556274
02/01/2021 23:53:44,100,100,100,65,63,66,2494.342,2494.342,13.113348,10.07327,0.0208289344,99.77368,51.4767,4.057209,3.82443237,49,135,405.000031,270,0,0,0,0,1024,37.0625,986.9375,3.61938477,20,7.54556274
02/01/2021 23:53:45,100,100,100,63,65,66,2494.34253,2494.34253,12.9957256,9.964965,0.0211799424,99.7737,51.4843979,4.05781555,3.82382584,49,135,405.000031,270,0,0,0,0,1024,37.0625,986.9375,3.61938477,20,7.54556274
02/01/2021 23:53:46,100,100,100,63,64,65,2494.342,2494.342,12.9416351,9.951455,0.02050849,99.77368,51.4844437,4.05781937,3.823822,49,135,405.000031,270,0,0,0,0,1024,37.0625,986.9375,3.61938477,20,7.54556274
02/01/2021 23:53:47,100,100,100,63,64,66,2494.34229,2494.34229,12.93456,9.913585,0.02282791,99.77369,51.4851723,4.05787659,3.8237648,49,135,405.000031,270,0,0,0,0,1024,37.0625,986.9375,3.61938477,20,7.54556274
02/01/2021 23:53:48,100,100,100,64,65,65,2494.34229,2494.34229,12.927063,9.926109,0.02096627,99.77369,51.4913673,4.058365,3.82327652,49,135,405.000031,270,0,0,0,0,1024,37.0625,986.9375,3.61938477,20,7.54556274
02/01/2021 23:53:49,100,100,100,63,64,65,2494.342,2494.342,13.0320387,9.993717,0.0216224045,99.77369,51.4934464,4.058529,3.82311249,49,135,405.000031,270,0,0,0,0,1024,37.0625,986.9375,3.61938477,20,7.54556274
02/01/2021 23:53:50,100,100,100,64,64,66,2494.342,2494.342,13.0409708,10.0327806,0.0207373984,99.77369,51.4895744,4.05822372,3.82341766,49,135,405.000031,270,0,0,0,0,1024,37.0625,986.9375,3.61938477,20,7.54556274
02/01/2021 23:53:51,100,100,100,65,63,66,2494.34229,2494.34229,12.9534931,9.951422,0.021591926,99.77369,51.4893837,4.05820847,3.823433,49,135,405.000031,270,0,0,0,0,1024,37.0625,986.9375,3.61938477,20,7.54556274
02/01/2021 23:53:52,100,100,100,64,64,66,2494.3418,2494.3418,12.8588467,9.881787,0.0205542818,99.77367,51.48764,4.058071,3.82357025,49,135,405.000031,270,0,0,0,0,1024,37.0625,986.9375,3.61938477,20,7.54556274
02/01/2021 23:53:53,100,100,100,64,64,66,2494.34277,2494.34277,12.9761438,9.974063,0.0215613674,99.77371,51.4726372,4.05688858,3.82475281,49,135,405.000031,270,0,0,0,0,1024,37.0625,986.9375,3.61938477,20,7.54556274
02/01/2021 23:53:54,100,100,100,64,65,66,2494.34229,2494.34229,13.05875,10.0430565,0.0206916016,99.77369,51.62524,4.06891632,3.812725,49,135,405.000031,270,0,0,0,0,1024,37.0625,986.9375,3.61938477,20,7.54556274
02/01/2021 23:53:55,100,100,100,64,65,66,2494.34229,2494.34229,13.0334139,9.991174,0.0233771987,99.77369,51.6208344,4.068569,3.8130722,49,135,405.000031,270,0,0,0,0,1024,37.0625,986.9375,3.61938477,20,7.54556274
02/01/2021 23:53:56,100,100,100,64,65,66,2494.342,2494.342,13.0467377,9.964683,0.0219733771,99.77368,51.62195,4.068657,3.81298447,49,135,405.000031,270,0,0,0,0,1024,37.0625,986.9375,3.61938477,20,7.54556274
02/01/2021 23:53:57,100,100,100,64,64,66,2494.342,2494.342,13.0840464,10.02425,0.0212409552,99.77368,51.61435,4.068058,3.81358337,49,135,405.000031,270,0,0,0,0,1024,37.0625,986.9375,3.61938477,20,7.54556274
02/01/2021 23:53:58,100,100,100,64,66,67,2494.3418,2494.3418,13.0813684,10.003706,0.021378275,99.77367,51.6105766,4.06776047,3.813881,49,135,405.000031,270,0,0,0,0,1024,37.0625,986.9375,3.61938477,20,7.54556274
02/01/2021 23:53:59,100,100,100,64,65,67,2494.343,2494.343,13.1258974,10.0605478,0.0212256871,99.77372,51.60598,4.067398,3.81424332,50,135,405.000031,270,0,0,0,0,1024,37.0625,986.9375,3.61938477,20,7.54556274
02/01/2021 23:54:00,100,100,100,64,64,66,2494.34229,2494.34229,13.0981941,10.0076838,0.0218360461,99.7737,51.60007,4.06693268,3.81470871,49,135,405.000031,270,0,0,0,0,1024,37.0625,986.9375,3.61938477,20,7.54556274
02/01/2021 23:54:01,100,100,100,64,66,67,2494.34229,2494.34229,13.1492329,10.0748186,0.0236366633,99.77369,51.590004,4.066139,3.81550217,50,135,405.000031,270,0,0,0,0,1024,37.0625,986.9375,3.61938477,20,7.54556274
02/01/2021 23:54:02,100,100,100,64,64,67,2494.3418,2494.3418,13.0842352,9.983471,0.0236671679,99.773674,51.60496,4.067318,3.81432343,49,135,405.000031,270,0,0,0,0,1024,37.0625,986.9375,3.61938477,20,7.54556274
02/01/2021 23:54:03,100,100,100,65,64,66,2494.342,2494.342,13.027401,9.959384,0.0209967755,99.77368,51.6044769,4.06728,3.81436157,50,135,405.000031,270,0,0,0,0,1024,37.0625,986.9375,3.61938477,20,7.54556274
02/01/2021 23:54:04,100,100,100,65,65,67,2494.34253,2494.34253,13.005106,9.901807,0.0224464331,99.7737045,51.60549,4.06736,3.81428146,50,135,405.000031,270,0,0,0,0,1024,37.0625,986.9375,3.61938477,20,7.54556274
02/01/2021 23:54:05,100,100,100,64,65,67,2494.342,2494.342,13.0614786,9.996933,0.0208747555,99.77368,51.6067047,4.06745529,3.814186,50,135,405.000031,270,0,0,0,0,1024,37.0625,986.9375,3.61938477,20,7.54556274
02/01/2021 23:54:06,100,100,100,65,65,67,2494.34229,2494.34229,13.0649157,9.963254,0.0231635813,99.77369,51.6008949,4.06699753,3.81464386,50,135,405.000031,270,0,0,0,0,1024,37.0625,986.9375,3.61938477,20,7.54556274
02/01/2021 23:54:07,100,100,100,66,65,67,2494.34229,2494.34229,13.020649,9.958337,0.0212409366,99.7737,51.5982361,4.06678772,3.81485367,50,135,405.000031,270,0,0,0,0,1024,37.0625,986.9375,3.61938477,20,7.54556274
02/01/2021 23:54:08,100,100,100,65,65,67,2494.342,2494.342,13.02905,9.915866,0.0236976724,99.77368,51.599205,4.066864,3.81477737,50,135,405.000031,270,0,0,0,0,1024,37.0625,986.9375,3.61938477,20,7.54556274
02/01/2021 23:54:09,100,100,100,65,65,67,2494.34253,2494.34253,13.058774,9.957184,0.0208899863,99.7737,51.59683,4.066677,3.81496429,50,135,405.000031,270,0,0,0,0,1024,37.0625,986.9375,3.61938477,20,7.54556274
02/01/2021 23:54:10,100,100,100,65,65,66,2494.342,2494.342,13.0109987,9.887682,0.0232398938,99.77368,51.6007,4.06698227,3.814659,50,135,405.000031,270,0,0,0,0,1024,37.0625,986.9375,3.61938477,20,7.54556274
02/01/2021 23:54:11,100,100,100,66,65,66,2494.34229,2494.34229,12.9841366,9.900615,0.0211951658,99.77369,51.6003151,4.06695175,3.81468964,50,135,405.000031,270,0,0,0,0,1024,37.0625,986.9375,3.61938477,20,7.54556274
02/01/2021 23:54:12,100,100,100,65,65,66,2494.34229,2494.34229,12.9811344,9.8694725,0.02404866,99.7737,51.6046257,4.06729126,3.81435013,50,135,405.000031,270,0,0,0,0,1024,37.0625,986.9375,3.61938477,20,7.54556274
02/01/2021 23:54:13,100,100,100,64,66,67,2494.341,2494.341,13.0129747,9.922936,0.0209204946,99.77364,51.6063156,4.067425,3.81421661,50,135,405.000031,270,0,0,0,0,1024,37.0625,986.9375,3.61938477,20,7.54556274
02/01/2021 23:54:14,100,100,100,65,65,67,2494.34326,2494.34326,13.0001583,9.90716,0.02217176,99.77373,51.61561,4.068157,3.81348419,50,135,405.000031,270,0,0,0,0,1024,37.0625,986.9375,3.61938477,20,7.54556274
02/01/2021 23:54:15,100,100,100,64,65,67,2494.34253,2494.34253,13.01118,9.946288,0.0204474647,99.7737,51.6146927,4.06808472,3.81355667,50,135,405.000031,270,0,0,0,0,1024,37.0625,986.9375,3.61938477,20,7.54556274
02/01/2021 23:54:16,100,100,100,66,66,68,2494.34229,2494.34229,13.0037451,9.922343,0.023026282,99.77369,51.6242256,4.068836,3.81280518,50,135,405.000031,270,0,0,0,0,1024,37.0625,986.9375,3.61938477,20,7.54556274
02/01/2021 23:54:17,100,100,100,65,66,66,2494.34155,2494.34155,13.0122328,9.957672,0.0211646538,99.77366,51.617157,4.06827927,3.81336212,50,135,405.000031,270,0,0,0,0,1024,37.0625,986.9375,3.61938477,20,7.54556274
02/01/2021 23:54:18,100,100,100,65,66,67,2494.34277,2494.34277,13.0660095,10.0315475,0.0204627048,99.77371,51.62108,4.06858826,3.81305313,50,135,405.000031,270,0,0,0,0,1024,37.0625,986.9375,3.61938477,20,7.54556274
02/01/2021 23:54:19,100,100,100,65,66,67,2494.34229,2494.34229,13.0574112,9.998883,0.0216682032,99.77369,51.6245651,4.068863,3.81277847,50,135,405.000031,270,0,0,0,0,1024,37.0625,986.9375,3.61938477,20,7.54556274
02/01/2021 23:54:20,100,100,100,65,65,67,2494.3418,2494.3418,13.04448,10.0041237,0.0210578442,99.77367,51.62403,4.068821,3.81282043,50,135,405.000031,270,0,0,0,0,1024,37.0625,986.9375,3.61938477,20,7.54556274
02/01/2021 23:54:21,100,100,100,66,66,67,2494.34253,2494.34253,13.01064,9.930765,0.0225684978,99.7737045,51.6202545,4.06852341,3.813118,50,135,405.000031,270,0,0,0,0,1024,37.0625,986.9375,3.61938477,20,7.54556274
02/01/2021 23:54:22,100,100,100,65,65,68,2494.34229,2494.34229,12.997592,9.934045,0.0220039021,99.77369,51.6217537,4.06864166,3.81299973,50,135,405.000031,270,0,0,0,0,1024,37.0625,986.9375,3.61938477,20,7.54556274
02/01/2021 23:54:23,100,100,100,66,65,67,2494.342,2494.342,13.0107946,9.957321,0.02122566,99.77368,51.62074,4.06856155,3.81307983,50,135,405.000031,270,0,0,0,0,1024,37.0625,986.9375,3.61938477,20,7.54556274
02/01/2021 23:54:24,100,100,100,66,66,68,2494.34229,2494.34229,13.0070591,9.950268,0.0210944787,99.77369,51.622242,4.06868,3.81296158,50,135,405.000031,270,0,0,0,0,1024,37.0625,986.9375,3.61938477,20,7.54556274
02/01/2021 23:54:25,100,100,100,66,65,67,2494.34277,2494.34277,13.0039568,9.956599,0.0211799033,99.77371,51.6171074,4.06827545,3.813366,50,135,405.000031,270,0,0,0,0,1024,37.0625,986.9375,3.61938477,20,7.54556274
02/01/2021 23:54:26,100,100,100,66,66,67,2494.342,2494.342,12.9987535,9.914514,0.023041537,99.77368,51.6176872,4.068321,3.81332016,50,135,405.000031,270,0,0,0,0,1024,37.0625,986.9375,3.61938477,20,7.54556274
02/01/2021 23:54:27,100,100,100,66,66,66,2494.342,2494.342,12.9844379,9.920853,0.0228279568,99.773674,51.6299858,4.06929,3.81235123,50,135,405.000031,270,0,0,0,0,1024,37.0625,986.9375,3.61938477,20,7.54556274
02/01/2021 23:54:28,100,100,100,65,65,67,2494.34229,2494.34229,13.0006781,9.951175,0.0205389671,99.77369,51.6280479,4.06913757,3.81250381,51,135,405.000031,270,0,0,0,0,1024,37.0625,986.9375,3.61938477,20,7.54556274
02/01/2021 23:54:29,100,100,100,66,65,68,2494.34253,2494.34253,13.000741,9.936856,0.022095466,99.7737,51.6256752,4.06895065,3.81269073,50,135,405.000031,270,0,0,0,0,1024,37.0625,986.9375,3.61938477,20,7.54556274
02/01/2021 23:54:30,100,100,100,66,64,68,2494.34229,2494.34229,12.9790049,9.924217,0.0210120473,99.77369,51.6224823,4.068699,3.8129425,51,135,405.000031,270,0,0,0,0,1024,37.0625,986.9375,3.61938477,20,7.54556274
02/01/2021 23:54:31,100,100,100,65,66,67,2494.3418,2494.3418,12.9927893,9.907435,0.0227516145,99.773674,51.6206436,4.068554,3.81308746,50,135,405.000031,270,0,0,0,0,1024,37.0625,986.9375,3.61938477,20,7.54556274
02/01/2021 23:54:32,100,100,100,65,66,68,2494.34253,2494.34253,13.0054274,9.939284,0.0224464349,99.7737,51.61304,4.067955,3.81368637,51,135,405.000031,270,0,0,0,0,1024,37.0625,986.9375,3.61938477,20,7.54556274
02/01/2021 23:54:33,100,100,100,66,66,67,2494.342,2494.342,13.0260019,9.990899,0.0211951546,99.77368,51.6094627,4.06767273,3.81396866,51,135,405.000031,270,0,0,0,0,1024,37.0625,986.9375,3.61938477,20,7.54556274
02/01/2021 23:54:34,100,100,100,66,65,68,2494.34229,2494.34229,13.0043354,9.958123,0.02203442,99.7737,51.60767,4.06753159,3.8141098,51,135,405.000031,270,0,0,0,0,1024,37.0625,986.9375,3.61938477,20,7.54556274
02/01/2021 23:54:35,100,100,100,65,66,67,2494.34229,2494.34229,12.9942532,9.956932,0.0208442248,99.77369,51.6035538,4.06720734,3.814434,51,135,405.000031,270,0,0,0,0,1024,37.0625,986.9375,3.61938477,20,7.54556274
02/01/2021 23:54:36,100,100,100,65,66,68,2494.342,2494.342,13.0531673,9.980681,0.0229194351,99.77368,51.59949,4.066887,3.81475449,51,135,405.000031,270,0,0,0,0,1024,37.0625,986.9375,3.61938477,20,7.54556274
02/01/2021 23:54:37,100,100,100,65,65,68,2494.342,2494.342,13.070528,10.0212908,0.022537997,99.77369,51.59475,4.066513,3.81512833,51,135,405.000031,270,0,0,0,0,1024,37.0625,986.9375,3.61938477,20,7.54556274
02/01/2021 23:54:38,100,100,100,66,66,68,2494.34253,2494.34253,13.096096,10.0631762,0.0204932149,99.7737,51.59344,4.06641,3.81523132,51,135,405.000031,270,0,0,0,0,1024,37.0625,986.9375,3.61938477,20,7.54556274
02/01/2021 23:54:39,100,100,100,65,66,68,2494.34253,2494.34253,13.0834856,10.034831,0.0224311613,99.7737,51.60104,4.067009,3.81463242,51,135,405.000031,270,0,0,0,0,1024,37.0625,986.9375,3.61938477,20,7.54556274
02/01/2021 23:54:40,100,100,100,66,65,67,2494.3418,2494.3418,13.0591164,10.0055332,0.0205390081,99.773674,51.60007,4.06693268,3.81470871,51,135,405.000031,270,0,0,0,0,1024,37.0625,986.9375,3.61938477,20,7.54556274
02/01/2021 23:54:41,100,100,100,66,66,67,2494.34229,2494.34229,13.034977,9.951238,0.0224617068,99.77369,51.5964928,4.06665039,3.814991,51,135,405.000031,270,0,0,0,0,1024,37.0625,986.9375,3.61938477,20,7.54556274
02/01/2021 23:54:42,100,100,100,66,66,67,2494.34229,2494.34229,12.99031,9.954565,0.0212256722,99.77369,51.59344,4.06641,3.81523132,51,135,405.000031,270,0,0,0,0,1024,37.0625,986.9375,3.61938477,20,7.54556274
02/01/2021 23:54:43,100,100,100,66,66,68,2494.34229,2494.34229,12.9641056,9.913561,0.021149369,99.77369,51.5908775,4.066208,3.8154335,51,135,405.000031,270,0,0,0,0,1024,37.0625,986.9375,3.61938477,20,7.54556274
02/01/2021 23:54:44,100,100,100,66,66,68,2494.34229,2494.34229,12.9573507,9.930694,0.0207679439,99.77369,51.591938,4.066292,3.81534958,51,135,405.000031,270,0,0,0,0,1024,37.0625,986.9375,3.61938477,20,7.54556274
02/01/2021 23:54:45,100,100,100,66,65,68,2494.34229,2494.34229,12.9631939,9.907521,0.0227058232,99.77369,51.5909233,4.0662117,3.81542969,51,135,405.000031,270,0,0,0,0,1024,37.0625,986.9375,3.61938477,20,7.54556274
02/01/2021 23:54:46,100,100,100,66,66,68,2494.342,2494.342,12.9725275,9.948543,0.0208137129,99.77368,51.59688,4.066681,3.81496048,51,135,405.000031,270,0,0,0,0,1024,37.0625,986.9375,3.61938477,20,7.54556274
02/01/2021 23:54:47,100,100,100,66,66,68,2494.342,2494.342,12.9335976,9.901945,0.022049658,99.77368,51.59886,4.06683731,3.814804,51,135,405.000031,270,0,0,0,0,1024,37.0625,986.9375,3.61938477,20,7.54556274
02/01/2021 23:54:48,100,100,100,66,66,68,2494.34229,2494.34229,12.956214,9.925641,0.0208594631,99.7737,51.6028824,4.067154,3.81448746,51,135,405.000031,270,0,0,0,0,1024,37.0625,986.9375,3.61938477,20,7.54556274
02/01/2021 23:54:49,100,100,100,66,65,69,2494.342,2494.342,13.0086575,9.950451,0.0232093912,99.77368,51.6032181,4.06718063,3.81446075,51,135,405.000031,270,0,0,0,0,1024,37.0625,986.9375,3.61938477,20,7.54556274
02/01/2021 23:54:50,100,100,100,66,66,68,2494.34229,2494.34229,12.9216728,9.906178,0.0211646333,99.77369,51.6105766,4.06776047,3.813881,51,135,405.000031,270,0,0,0,0,1024,37.0625,986.9375,3.61938477,20,7.54556274
02/01/2021 23:54:51,100,100,100,66,66,67,2494.34253,2494.34253,12.94582,9.881814,0.0238197632,99.7737045,51.4329948,4.05376434,3.827877,51,135,405.000031,270,0,0,0,0,1024,37.0625,986.9375,3.61938477,20,7.54556274
02/01/2021 23:54:52,100,100,100,65,66,68,2494.3418,2494.3418,12.9738722,9.957974,0.02116468,99.773674,51.4334335,4.05379868,3.82784271,51,135,405.000031,270,0,0,0,0,1024,37.0625,986.9375,3.61938477,20,7.54556274
02/01/2021 23:54:53,100,100,100,66,65,67,2494.34229,2494.34229,12.9644423,9.92717,0.0229957718,99.77369,51.4391,4.054245,3.82739639,51,135,405.000031,270,0,0,0,0,1024,37.0625,986.9375,3.61938477,20,7.54556274
02/01/2021 23:54:54,100,100,100,66,66,68,2494.34155,2494.34155,12.9351215,9.926377,0.0207373332,99.77367,51.4417572,4.054455,3.82718658,51,135,405.000031,270,0,0,0,0,1024,37.0625,986.9375,3.61938477,20,7.54556274
02/01/2021 23:54:55,100,100,100,66,66,67,2494.34277,2494.34277,12.9929972,9.958221,0.0226143226,99.77371,51.4468422,4.05485535,3.826786,51,135,405.000031,270,0,0,0,0,1024,37.0625,986.9375,3.61938477,20,7.54556274
02/01/2021 23:54:56,100,100,100,66,66,67,2494.34229,2494.34229,12.9970789,9.999251,0.0209052414,99.77369,51.4460678,4.05479431,3.826847,51,135,405.000031,270,0,0,0,0,1024,37.0625,986.9375,3.61938477,20,7.54556274
02/01/2021 23:54:57,100,100,100,67,67,67,2494.342,2494.342,12.9898567,9.965849,0.0222175084,99.77368,51.4334831,4.05380249,3.827839,51,135,405.000031,270,0,0,0,0,1024,37.0625,986.9375,3.61938477,20,7.54556274
02/01/2021 23:54:58,100,100,100,66,67,68,2494.34229,2494.34229,13.0246382,10.0250254,0.0211036149,99.7737,51.426075,4.053219,3.82842255,51,135,405.000031,270,0,0,0,0,1024,37.0625,986.9375,3.61938477,20,7.54556274
02/01/2021 23:54:59,100,100,100,65,67,67,2494.34229,2494.34229,13.0468988,10.0060558,0.0228126515,99.7737,51.42641,4.05324554,3.82839584,51,135,405.000031,270,0,0,0,0,1024,37.0625,986.9375,3.61938477,20,7.54556274
02/01/2021 23:55:00,100,100,100,67,66,68,2494.34229,2494.34229,13.0955791,10.0626249,0.02117991,99.77369,51.43198,4.053684,3.82795715,51,135,405.000031,270,0,0,0,0,1024,37.0625,986.9375,3.61938477,20,7.54556274
02/01/2021 23:55:01,100,100,100,66,66,68,2494.3418,2494.3418,13.0592575,9.963257,0.0258187,99.773674,51.423996,4.053055,3.82858658,51,135,405.000031,270,0,0,0,0,1024,37.0625,986.9375,3.61938477,20,7.54556274
02/01/2021 23:55:02,100,100,100,66,66,68,2494.34229,2494.34229,13.0132685,9.939572,0.0213019829,99.77369,51.423027,4.05297852,3.82866287,51,135,405.000031,270,0,0,0,0,1024,37.0625,986.9375,3.61938477,20,7.54556274
02/01/2021 23:55:03,100,100,100,66,65,68,2494.34229,2494.34229,13.0468369,9.959759,0.02299576,99.7737,51.4229279,4.052971,3.8286705,51,135,405.000031,270,0,0,0,0,1024,37.0625,986.9375,3.61938477,20,7.54556274
02/01/2021 23:55:04,100,100,100,67,66,68,2494.342,2494.342,13.0541191,10.0150309,0.0210120585,99.77368,51.4213333,4.052845,3.82879639,51,135,405.000031,270,0,0,0,0,1024,37.0625,986.9375,3.61938477,20,7.54556274
02/01/2021 23:55:05,100,100,100,66,66,68,2494.34253,2494.34253,13.0684,10.0075254,0.0225532185,99.7737,51.4324646,4.05372238,3.827919,51,135,405.000031,270,0,0,0,0,1024,37.0625,986.9375,3.61938477,20,7.54556274
02/01/2021 23:55:06,100,100,100,67,66,68,2494.3418,2494.3418,13.086854,10.04543,0.0210120659,99.773674,51.42796,4.05336761,3.82827377,51,135,405.000031,270,0,0,0,0,1024,37.0625,986.9375,3.61938477,20,7.54556274
02/01/2021 23:55:07,100,100,100,67,66,67,2494.34155,2494.34155,13.07043,9.992083,0.024369074,99.77367,51.4327545,4.05374527,3.827896,51,135,405.000031,270,0,0,0,0,1024,37.0625,986.9375,3.61938477,20,7.54556274
02/01/2021 23:55:08,100,100,100,67,65,67,2494.343,2494.343,13.0458508,9.995821,0.02061532,99.77372,51.44563,4.05476,3.82688141,51,135,405.000031,270,0,0,0,0,1024,37.0625,986.9375,3.61938477,20,7.54556274
02/01/2021 23:55:09,100,100,100,66,66,67,2494.34229,2494.34229,13.0459175,9.951058,0.0235756077,99.77369,51.438755,4.05421829,3.827423,51,135,405.000031,270,0,0,0,0,1024,37.0625,986.9375,3.61938477,20,7.54556274
02/01/2021 23:55:10,100,100,100,66,66,68,2494.342,2494.342,13.0326271,9.983634,0.0209968127,99.77368,51.4465,4.05482864,3.82681274,51,135,405.000031,270,0,0,0,0,1024,37.0625,986.9375,3.61938477,20,7.54556274
02/01/2021 23:55:11,100,100,100,66,66,68,2494.34253,2494.34253,13.0300179,9.953107,0.0238349885,99.7737,51.445385,4.054741,3.82690048,51,135,405.000031,270,0,0,0,0,1024,37.0625,986.9375,3.61938477,20,7.54556274
02/01/2021 23:55:12,100,100,100,66,66,67,2494.34155,2494.34155,13.0455484,10.0012856,0.0209968071,99.77367,51.44306,4.054558,3.82708359,51,135,405.000031,270,0,0,0,0,1024,37.0625,986.9375,3.61938477,20,7.54556274
02/01/2021 23:55:13,100,100,100,67,66,68,2494.34277,2494.34277,13.011117,9.961213,0.022522701,99.77371,51.4466476,4.05484,3.8268013,51,135,405.000031,270,0,0,0,0,1024,37.0625,986.9375,3.61938477,20,7.54556274
02/01/2021 23:55:14,100,100,100,67,66,68,2494.342,2494.342,13.0058336,9.983635,0.02093578,99.77368,51.444416,4.05466461,3.82697678,52,135,405.000031,270,0,0,0,0,1024,37.0625,986.9375,3.61938477,20,7.54556274
02/01/2021 23:55:15,100,100,100,68,66,68,2494.34253,2494.34253,13.045723,9.979871,0.0227668714,99.7737,51.4481964,4.054962,3.82667923,52,135,405.000031,270,0,0,0,0,1024,37.0625,986.9375,3.61938477,20,7.54556274
02/01/2021 23:55:16,100,100,100,66,66,68,2494.34229,2494.34229,13.0949593,10.0661879,0.0210883413,99.77369,51.4465446,4.05483246,3.826809,52,135,405.000031,270,0,0,0,0,1024,37.0625,986.9375,3.61938477,20,7.54556274
02/01/2021 23:55:17,100,100,100,68,66,68,2494.342,2494.342,13.084939,10.019865,0.0230415389,99.77368,51.4534225,4.055374,3.82626724,52,135,405.000031,270,0,0,0,0,1024,37.0625,986.9375,3.61938477,20,7.54556274
02/01/2021 23:55:18,100,100,100,68,66,68,2494.34229,2494.34229,13.0483627,10.0174084,0.0214545727,99.77369,51.4515343,4.05522537,3.826416,52,135,405.000031,270,0,0,0,0,1024,37.0625,986.9375,3.61938477,20,7.54556274
02/01/2021 23:55:19,100,100,100,68,67,68,2494.342,2494.342,13.0006676,9.936394,0.0227058977,99.77369,51.45928,4.05583572,3.82580566,52,135,405.000031,270,0,0,0,0,1024,37.0625,986.9375,3.61938477,20,7.54556274
02/01/2021 23:55:20,100,100,100,66,66,68,2494.34253,2494.34253,12.9627714,9.961696,0.0212867167,99.7737,51.46552,4.056328,3.82531357,52,135,405.000031,270,0,0,0,0,1024,37.0625,986.9375,3.61938477,20,7.5455246
02/01/2021 23:55:21,100,100,100,68,66,68,2494.342,2494.342,12.9354486,9.920427,0.0141300978,99.77368,51.55225,4.06316376,3.81847763,52,135,405.000031,270,0,0,0,0,1024,37.0625,986.9375,3.61938477,20,7.5455246
02/01/2021 23:55:22,100,100,100,67,66,68,2494.34229,2494.34229,12.9812717,9.971099,0.0214698371,99.77369,51.5446548,4.062565,3.81907654,52,135,405.000031,270,0,0,0,0,1024,37.0625,986.9375,3.61938477,20,7.5455246
02/01/2021 23:55:23,100,100,100,66,66,67,2494.34229,2494.34229,12.9991169,9.971917,0.022324346,99.77369,51.54567,4.062645,3.81899643,52,135,405.000031,270,0,0,0,0,1024,37.0625,986.9375,3.61938477,20,7.5455246
02/01/2021 23:55:24,100,100,100,67,66,68,2494.342,2494.342,13.0072193,9.99325,0.0211951584,99.77368,51.5403,4.06222153,3.81941986,52,135,405.000031,270,0,0,0,0,1024,37.0625,986.9375,3.61938477,20,7.5455246
02/01/2021 23:55:25,100,100,100,69,66,69,2494.34253,2494.34253,13.0001,9.960646,0.023438286,99.7737045,51.53749,4.06200027,3.819641,51,135,405.000031,270,0,0,0,0,1024,37.0625,986.9375,3.61938477,20,7.5455246
02/01/2021 23:55:26,100,100,100,67,66,68,2494.34155,2494.34155,13.0125837,9.981918,0.02250747,99.77367,51.5362854,4.061905,3.81973648,52,135,405.000031,270,0,0,0,0,1024,37.0625,986.9375,3.61938477,20,7.5455246
02/01/2021 23:55:27,100,100,100,66,66,67,2494.34277,2494.34277,12.9399061,9.930068,0.0213324074,99.77371,51.5206947,4.06067657,3.82096481,52,135,405.000031,270,0,0,0,0,1024,37.0625,986.9375,3.61938477,20,7.5455246
02/01/2021 23:55:28,100,100,100,67,66,68,2494.342,2494.342,12.958951,9.944465,0.0223091859,99.77368,51.53236,4.061596,3.82004547,51,135,405.000031,270,0,0,0,0,1024,37.0625,986.9375,3.61938477,20,7.5455246
02/01/2021 23:55:29,100,100,100,68,66,68,2494.342,2494.342,12.9973078,10.0032187,0.0205695368,99.77369,51.4466476,4.05484,3.8268013,52,135,405.000031,270,0,0,0,0,1024,37.0625,986.9375,3.61938477,20,7.5455246
02/01/2021 23:55:30,100,100,100,67,66,68,2494.34229,2494.34229,12.9987364,9.963022,0.0238655359,99.77369,51.4593239,4.05583954,3.82580185,52,135,405.000031,270,0,0,0,0,1024,37.0625,986.9375,3.61938477,20,7.5455246
02/01/2021 23:55:31,100,100,100,67,66,68,2494.34229,2494.34229,12.9811363,9.975221,0.02218703,99.77369,51.4577751,4.05571747,3.825924,52,135,405.000031,270,0,0,0,0,1024,37.0625,986.9375,3.61938477,20,7.5455246
02/01/2021 23:55:32,100,100,100,67,66,68,2494.34253,2494.34253,12.99816,10.0000019,0.0210120287,99.7737,51.4550171,4.0555,3.82614136,52,135,405.000031,270,0,0,0,0,1024,37.0625,986.9375,3.61938477,20,7.5455246
02/01/2021 23:55:33,100,100,100,66,66,68,2494.3418,2494.3418,12.9977751,9.967672,0.0239266,99.773674,51.45603,4.05558,3.82606125,52,135,405.000031,270,0,0,0,0,1024,37.0625,986.9375,3.61938477,20,7.5455246
02/01/2021 23:55:34,100,100,100,68,67,69,2494.342,2494.342,12.9831581,9.986996,0.0209052358,99.77368,51.45899,4.055813,3.82582855,52,135,405.000031,270,0,0,0,0,1024,37.0625,986.9375,3.61938477,20,7.5455246
02/01/2021 23:55:35,100,100,100,68,66,68,2494.34229,2494.34229,12.9826221,9.96861,0.021759728,99.7737,51.45894,4.055809,3.82583237,52,135,405.000031,270,0,0,0,0,1024,37.0625,986.9375,3.61938477,20,7.5455246
02/01/2021 23:55:36,100,100,100,68,66,68,2494.34229,2494.34229,12.9825554,9.984831,0.0209510513,99.77369,51.4391441,4.054249,3.82739258,52,135,405.000031,270,0,0,0,0,1024,37.0625,986.9375,3.61938477,20,7.5455246
02/01/2021 23:55:37,100,100,100,67,66,69,2494.342,2494.342,12.982049,9.97156048,0.021958109,99.77368,51.4369659,4.054077,3.82756424,52,135,405.000031,270,0,0,0,0,1024,37.0625,986.9375,3.61938477,20,7.5455246
02/01/2021 23:55:38,100,100,100,67,66,69,2494.34229,2494.34229,12.9752092,9.976819,0.02107309,99.7737,51.4314,4.05363846,3.828003,52,135,405.000031,270,0,0,0,0,1024,37.0625,986.9375,3.61938477,20,7.5455246
02/01/2021 23:55:39,100,100,100,67,66,69,2494.34229,2494.34229,12.98498,9.970214,0.0219733957,99.77369,51.43125,4.053627,3.82801437,52,135,405.000031,270,0,0,0,0,1024,37.0625,986.9375,3.61938477,20,7.5455246
02/01/2021 23:55:40,100,100,100,67,67,69,2494.34253,2494.34253,13.0133028,9.996133,0.0211493466,99.7737,51.43169,4.05366135,3.82798,52,135,405.000031,270,0,0,0,0,1024,37.0625,986.9375,3.61938477,20,7.5455246
02/01/2021 23:55:41,100,100,100,67,66,68,2494.342,2494.342,12.9947262,9.964413,0.02281265,99.77369,51.4315948,4.05365372,3.82798767,52,135,405.000031,270,0,0,0,0,1024,37.0625,986.9375,3.61938477,20,7.5455246
02/01/2021 23:55:42,100,100,100,67,66,68,2494.342,2494.342,13.0114737,9.994006,0.0212409552,99.77369,51.42893,4.053444,3.82819748,51,135,405.000031,270,0,0,0,0,1024,37.0625,986.9375,3.61938477,20,7.5455246
02/01/2021 23:55:43,100,100,100,68,66,69,2494.3418,2494.3418,13.0223017,9.993758,0.0224464312,99.773674,51.43222,4.05370331,3.827938,52,135,405.000031,270,0,0,0,0,1024,37.0625,986.9375,3.61938477,20,7.5455246
02/01/2021 23:55:44,100,100,100,66,66,68,2494.34253,2494.34253,13.0274019,10.0195379,0.0212409273,99.7737,51.4320755,4.053692,3.82794952,51,135,405.000031,270,0,0,0,0,1024,37.0625,986.9375,3.61938477,20,7.5455246
02/01/2021 23:55:45,100,100,100,67,66,69,2494.34229,2494.34229,13.03574,10.0234909,0.0224769656,99.77369,51.4360924,4.05400848,3.827633,52,135,405.000031,270,0,0,0,0,1024,37.0625,986.9375,3.61938477,20,7.5455246
02/01/2021 23:55:46,100,100,100,66,66,68,2494.342,2494.342,13.0450783,10.0240431,0.0213324912,99.77369,51.435173,4.053936,3.82770538,51,135,405.000031,270,0,0,0,0,1024,37.0625,986.9375,3.61938477,20,7.5455246
02/01/2021 23:55:47,100,100,100,67,66,68,2494.34229,2494.34229,13.0047731,9.979738,0.0225837715,99.77369,51.43808,4.054165,3.8274765,52,135,405.000031,270,0,0,0,0,1024,37.0625,986.9375,3.61938477,20,7.5455246
02/01/2021 23:55:48,100,100,100,67,66,69,2494.342,2494.342,12.96449,9.971179,0.0210273247,99.77368,51.4389038,4.05422974,3.82741165,52,135,405.000031,270,0,0,0,0,1024,37.0625,986.9375,3.61938477,20,7.5455246
02/01/2021 23:55:49,100,100,100,68,66,69,2494.34253,2494.34253,13.0086565,9.969527,0.0248878822,99.7737,51.43813,4.0541687,3.82747269,52,135,405.000031,270,0,0,0,0,1024,37.0625,986.9375,3.61938477,20,7.5455246
02/01/2021 23:55:50,100,100,100,67,67,69,2494.34229,2494.34229,12.9735489,9.965025,0.0211036131,99.77369,51.4319344,4.05368042,3.827961,52,135,405.000031,270,0,0,0,0,1024,37.0625,986.9375,3.61938477,20,7.5455246
02/01/2021 23:55:51,100,100,100,66,66,69,2494.3418,2494.3418,12.9706211,9.941592,0.02325515,99.773674,51.4333344,4.053791,3.82785034,52,135,405.000031,270,0,0,0,0,1024,37.0625,986.9375,3.61938477,20,7.5455246
02/01/2021 23:55:52,100,100,100,67,66,69,2494.3418,2494.3418,12.9615583,9.954526,0.0201728232,99.773674,51.43227,4.053707,3.82793427,52,135,405.000031,270,0,0,0,0,1024,37.0625,986.9375,3.61938477,20,7.5455246
02/01/2021 23:55:53,100,100,100,68,66,69,2494.34277,2494.34277,12.9629221,9.93882,0.0216529369,99.77371,51.4403038,4.05434036,3.827301,52,135,405.000031,270,0,0,0,0,1024,37.0625,986.9375,3.61938477,20,7.5455246
02/01/2021 23:55:54,100,100,100,68,67,69,2494.34229,2494.34229,12.9563971,9.953123,0.02070687,99.77369,51.4340134,4.05384445,3.827797,51,135,405.000031,270,0,0,0,0,1024,37.0625,986.9375,3.61938477,20,7.5455246
02/01/2021 23:55:55,100,100,100,66,66,69,2494.34229,2494.34229,12.9414911,9.911135,0.0233161878,99.77369,51.4427261,4.054531,3.82711029,52,135,405.000031,270,0,0,0,0,1024,37.0625,986.9375,3.61938477,20,7.5455246
02/01/2021 23:55:56,100,100,100,67,66,68,2494.34229,2494.34229,12.9350452,9.92066,0.021271484,99.77369,51.2388649,4.03846359,3.8431778,52,135,405.000031,270,0,0,0,0,1024,37.0625,986.9375,3.61938477,20,7.5455246
02/01/2021 23:55:57,100,100,100,68,66,68,2494.34229,2494.34229,12.9541063,9.94012,0.0224159081,99.77369,51.23969,4.03852844,3.843113,51,135,405.000031,270,0,0,0,0,1024,37.0625,986.9375,3.61938477,20,7.5455246
02/01/2021 23:55:58,100,100,100,67,67,68,2494.342,2494.342,12.9184914,9.933483,0.020508498,99.77369,51.24506,4.038952,3.84268951,52,135,405.000031,270,0,0,0,0,1024,37.0625,986.9375,3.61938477,20,7.5455246
02/01/2021 23:55:59,100,100,100,68,67,68,2494.3418,2494.3418,12.9340553,9.91543,0.0231788736,99.773674,51.2432671,4.03881073,3.84283066,51,135,405.000031,270,0,0,0,0,1024,37.0625,986.9375,3.61938477,20,7.5455246
02/01/2021 23:56:00,100,100,100,67,66,68,2494.34253,2494.34253,12.9486656,9.946889,0.0205390025,99.7737,51.2576447,4.0399437,3.84169769,52,135,405.000031,270,0,0,0,0,1024,37.0625,986.9375,3.61938477,20,7.5455246
02/01/2021 23:56:01,100,100,100,67,66,68,2494.34229,2494.34229,12.9637995,9.951171,0.0241402164,99.7737,51.24932,4.03928757,3.84235382,52,135,405.000031,270,0,0,0,0,1024,37.0625,986.9375,3.61938477,20,7.5455246
02/01/2021 23:56:02,100,100,100,68,66,68,2494.34229,2494.34229,12.981987,9.981401,0.0209204759,99.77369,51.2346573,4.03813171,3.84350967,52,135,405.000031,270,0,0,0,0,1024,37.0625,986.9375,3.61938477,20,7.5455246
02/01/2021 23:56:03,100,100,100,67,66,69,2494.34033,2494.34033,12.9933224,9.9562645,0.0239570979,99.77361,51.2344131,4.03811264,3.84352875,52,135,405.000031,270,0,0,0,0,1024,37.0625,986.9375,3.61938477,20,7.5455246
02/01/2021 23:56:04,100,100,100,67,66,68,2494.34375,2494.34375,13.0385857,10.0316792,0.0215461366,99.77375,51.23223,4.037941,3.84370041,52,135,405.000031,270,0,0,0,0,1024,37.0625,986.9375,3.61938477,20,7.5455246
02/01/2021 23:56:05,100,100,100,68,66,69,2494.34229,2494.34229,13.0468693,10.0122223,0.0242622867,99.77369,51.23025,4.03778458,3.84385681,52,135,405.000031,270,0,0,0,0,1024,37.0625,986.9375,3.61938477,20,7.5455246
02/01/2021 23:56:06,100,100,100,68,67,69,2494.34229,2494.34229,13.0625353,10.0496645,0.0214698259,99.77369,51.2294273,4.03771973,3.84392166,52,135,405.000031,270,0,0,0,0,1024,37.0625,986.9375,3.61938477,20,7.5455246
02/01/2021 23:56:07,100,100,100,67,66,68,2494.342,2494.342,13.1156788,10.0464869,0.0239418242,99.77368,51.2299576,4.03776169,3.8438797,52,135,405.000031,270,0,0,0,0,1024,37.0625,986.9375,3.61938477,20,7.5455246
02/01/2021 23:56:08,100,100,100,68,66,68,2494.34253,2494.34253,13.0943632,10.0513287,0.0213935,99.7737045,51.23901,4.038475,3.84316635,52,135,405.000031,270,0,0,0,0,1024,37.0625,986.9375,3.61938477,20,7.5455246
02/01/2021 23:56:09,100,100,100,68,66,68,2494.34229,2494.34229,13.084528,9.962964,0.02412495,99.77369,51.2765656,4.04143524,3.84020615,52,135,405.000031,270,0,0,0,0,1024,37.0625,986.9375,3.61938477,20,7.5455246
02/01/2021 23:56:10,100,100,100,67,66,68,2494.342,2494.342,13.0697832,9.997951,0.02136301,99.77368,51.2522736,4.03952026,3.84212112,52,135,405.000031,270,0,0,0,0,1024,37.0625,986.9375,3.61938477,20,7.5455246
02/01/2021 23:56:11,100,100,100,67,66,69,2494.34229,2494.34229,13.0636225,9.961072,0.02323991,99.7737,51.2554626,4.039772,3.84186935,52,135,405.000031,270,0,0,0,0,1024,37.0625,986.9375,3.61938477,20,7.5455246
02/01/2021 23:56:12,100,100,100,67,66,68,2494.34229,2494.34229,13.05201,9.984052,0.0215766467,99.7737,51.254158,4.039669,3.84197235,52,135,405.000031,270,0,0,0,0,1024,37.0625,986.9375,3.61938477,20,7.5455246
02/01/2021 23:56:13,100,100,100,67,66,68,2494.34229,2494.34229,13.04933,9.961141,0.02201915,99.77369,51.2531929,4.03959274,3.84204865,52,135,405.000031,270,0,0,0,0,1024,37.0625,986.9375,3.61938477,20,7.5455246
02/01/2021 23:56:14,100,100,100,67,66,68,2494.34155,2494.34155,13.0688581,9.997024,0.02095102,99.77367,51.2498,4.03932571,3.84231567,52,135,405.000031,270,0,0,0,0,1024,37.0625,986.9375,3.61938477,20,7.5455246
02/01/2021 23:56:15,100,100,100,68,66,68,2494.34277,2494.34277,13.0481625,9.959761,0.022736324,99.77371,51.25421,4.039673,3.84196854,52,135,405.000031,270,0,0,0,0,1024,37.0625,986.9375,3.61938477,20,7.5455246
02/01/2021 23:56:16,100,100,100,66,66,69,2494.34229,2494.34229,13.0787973,10.0125284,0.02166824,99.77369,51.2495651,4.03930664,3.84233475,52,135,405.000031,270,0,0,0,0,1024,37.0625,986.9375,3.61938477,20,7.5455246
02/01/2021 23:56:17,100,100,100,67,66,69,2494.3418,2494.3418,13.0657644,9.971772,0.02372822,99.773674,51.25232,4.039524,3.84211731,52,135,405.000031,270,0,0,0,0,1024,37.0625,986.9375,3.61938477,20,7.5455246
02/01/2021 23:56:18,100,100,100,67,66,68,2494.3418,2494.3418,13.076169,10.015523,0.0208441839,99.773674,51.2499,4.03933334,3.842308,52,135,405.000031,270,0,0,0,0,1024,37.0625,986.9375,3.61938477,20,7.5455246
02/01/2021 23:56:19,100,100,100,67,66,69,2494.343,2494.343,13.0393782,9.950563,0.0233009271,99.77372,51.24922,4.03928,3.84236145,52,135,405.000031,270,0,0,0,0,1024,37.0625,986.9375,3.61938477,20,7.5455246
02/01/2021 23:56:20,100,100,100,66,66,68,2494.342,2494.342,13.0665884,10.007144,0.0216071755,99.77368,51.2516441,4.03947067,3.84217072,52,135,405.000031,270,0,0,0,0,1024,37.0625,986.9375,3.61938477,20,7.545532
02/01/2021 23:56:21,100,100,100,67,66,68,2494.34229,2494.34229,13.0805683,10.0124559,0.0223854035,99.77369,51.2555161,4.039776,3.84186554,52,135,405.000031,270,0,0,0,0,1024,37.0625,986.9375,3.61938477,20,7.545532
02/01/2021 23:56:22,100,100,100,68,66,68,2494.34229,2494.34229,13.0789661,10.0366573,0.0209662877,99.77369,51.2577858,4.039955,3.84168625,52,135,405.000031,270,0,0,0,0,1024,37.0625,986.9375,3.61938477,20,7.545532
02/01/2021 23:56:23,100,100,100,68,66,69,2494.34229,2494.34229,13.0986233,10.0285149,0.0244759079,99.77369,51.26011,4.04013824,3.84150314,52,135,405.000031,270,0,0,0,0,1024,37.0625,986.9375,3.61938477,20,7.545532
02/01/2021 23:56:24,100,100,100,68,66,68,2494.3418,2494.3418,13.1098309,10.0713072,0.0216682088,99.773674,51.272213,4.041092,3.84054947,52,135,405.000031,270,0,0,0,0,1024,37.0625,986.9375,3.61938477,20,7.545532
02/01/2021 23:56:25,100,100,100,68,66,69,2494.34253,2494.34253,13.089509,10.03904,0.0225684866,99.7737,51.27076,4.04097748,3.840664,52,135,405.000031,270,0,0,0,0,1024,37.0625,986.9375,3.61938477,20,7.545532
02/01/2021 23:56:26,100,100,100,68,66,69,2494.342,2494.342,13.11281,10.0719967,0.02090525,99.77368,51.1807365,4.033882,3.84775925,52,135,405.000031,270,0,0,0,0,1024,37.0625,986.9375,3.61938477,20,7.545532
02/01/2021 23:56:27,100,100,100,69,66,69,2494.34229,2494.34229,13.0983086,10.026844,0.0249184072,99.77369,51.1862564,4.034317,3.84732437,52,135,405.000031,270,0,0,0,0,1024,37.0625,986.9375,3.61938477,20,7.545532
02/01/2021 23:56:28,100,100,100,67,66,68,2494.34229,2494.34229,13.1073265,10.0747852,0.0216682069,99.77369,51.1895,4.0345726,3.84706879,52,135,405.000031,270,0,0,0,0,1024,37.0625,986.9375,3.61938477,20,7.545532
02/01/2021 23:56:29,100,100,100,68,66,69,2494.342,2494.342,13.10948,10.0442371,0.0237129554,99.77368,51.1888657,4.034523,3.84711838,52,135,405.000031,270,0,0,0,0,1024,37.0625,986.9375,3.61938477,20,7.545532
02/01/2021 23:56:30,100,100,100,68,66,68,2494.34229,2494.34229,13.1229849,10.0885239,0.0212561842,99.77369,51.1870766,4.034382,3.84725952,52,135,405.000031,270,0,0,0,0,1024,37.0625,986.9375,3.61938477,20,7.545532
02/01/2021 23:56:31,100,100,100,68,66,69,2494.34229,2494.34229,13.1093235,10.0436049,0.02340779,99.77369,51.1893539,4.034561,3.84708023,52,135,405.000031,270,0,0,0,0,1024,37.0625,986.9375,3.61938477,20,7.545532
02/01/2021 23:56:32,100,100,100,67,66,68,2494.34229,2494.34229,13.1058416,10.0812969,0.0211951584,99.77369,51.18519,4.034233,3.84740829,52,135,405.000031,270,0,0,0,0,1024,37.0625,986.9375,3.61938477,20,7.545532
02/01/2021 23:56:33,100,100,100,68,66,68,2494.342,2494.342,13.10626,10.0619383,0.02227858,99.77368,51.1989822,4.03532028,3.846321,52,135,405.000031,270,0,0,0,0,1024,37.0625,986.9375,3.61938477,20,7.545532
02/01/2021 23:56:34,100,100,100,68,66,68,2494.342,2494.342,13.1273451,10.1012888,0.0211646464,99.77368,51.1934662,4.03488541,3.846756,52,135,405.000031,270,0,0,0,0,1024,37.0625,986.9375,3.61938477,20,7.545532
02/01/2021 23:56:35,100,100,100,69,66,69,2494.34253,2494.34253,13.1078281,10.0649452,0.02182077,99.7737,51.1975327,4.035206,3.84643555,52,135,405.000031,270,0,0,0,0,1024,37.0625,986.9375,3.61938477,20,7.545532
02/01/2021 23:56:36,100,100,100,68,66,69,2494.342,2494.342,13.0829372,10.0241928,0.0216224454,99.77368,51.19594,4.03508,3.84656143,52,135,405.000031,270,0,0,0,0,1024,37.0625,986.9375,3.61938477,20,7.545532
02/01/2021 23:56:37,100,100,100,68,67,68,2494.34253,2494.34253,13.0236626,9.942794,0.0231331028,99.7737,51.2050819,4.035801,3.84584045,52,135,405.000031,270,0,0,0,0,1024,37.0625,986.9375,3.61938477,20,7.545532
02/01/2021 23:56:38,100,100,100,68,66,68,2494.342,2494.342,12.993782,9.961827,0.0206915624,99.773674,51.20721,4.035969,3.84567261,52,135,405.000031,270,0,0,0,0,1024,37.0625,986.9375,3.61938477,20,7.545532
02/01/2021 23:56:39,100,100,100,69,66,69,2494.34229,2494.34229,12.9893408,9.957772,0.0221565273,99.77369,51.2065849,4.035919,3.8457222,52,135,405.000031,270,0,0,0,0,1024,37.0625,986.9375,3.61938477,20,7.545532
02/01/2021 23:56:40,100,100,100,68,66,69,2494.342,2494.342,13.0101719,9.989323,0.0199591424,99.77369,51.1989326,4.03531647,3.846325,52,135,405.000031,270,0,0,0,0,1024,37.0625,986.9375,3.61938477,20,7.545532
02/01/2021 23:56:41,100,100,100,69,67,69,2494.342,2494.342,13.0124674,9.95943451,0.0235603452,99.77368,51.2015,4.03551865,3.84612274,52,135,405.000031,270,0,0,0,0,1024,37.0625,986.9375,3.61938477,20,7.545532
02/01/2021 23:56:42,100,100,100,68,66,69,2494.34253,2494.34253,12.997221,9.973254,0.0211188812,99.7737,51.1941948,4.03494263,3.84669876,52,135,405.000031,270,0,0,0,0,1024,37.0625,986.9375,3.61938477,20,7.545532
02/01/2021 23:56:43,100,100,100,68,66,68,2494.34229,2494.34229,13.0052576,9.94801,0.0244759172,99.77369,51.1921577,4.03478241,3.846859,52,135,405.000031,270,0,0,0,0,1024,37.0625,986.9375,3.61938477,20,7.545532
02/01/2021 23:56:44,100,100,100,67,66,69,2494.342,2494.342,13.0050945,9.974585,0.02145456,99.773674,51.1847534,4.03419876,3.84744263,52,135,405.000031,270,0,0,0,0,1024,37.0625,986.9375,3.61938477,20,7.545532
02/01/2021 23:56:45,100,100,100,68,66,68,2494.34253,2494.34253,12.9877968,9.943415,0.0223396085,99.7737,51.18364,4.034111,3.84753036,52,135,405.000031,270,0,0,0,0,1024,37.0625,986.9375,3.61938477,20,7.545532
02/01/2021 23:56:46,100,100,100,68,65,69,2494.3418,2494.3418,12.9999638,9.964919,0.0203864276,99.773674,51.1804962,4.033863,3.84777832,52,135,405.000031,270,0,0,0,0,1024,37.0625,986.9375,3.61938477,20,7.545532
02/01/2021 23:56:47,100,100,100,69,66,69,2494.34253,2494.34253,13.005456,9.939496,0.0239113234,99.7737045,51.1790924,4.03375244,3.847889,52,135,405.000031,270,0,0,0,0,1024,37.0625,986.9375,3.61938477,20,7.545532
02/01/2021 23:56:48,100,100,100,68,66,69,2494.342,2494.342,12.9921017,9.958462,0.0203559026,99.77369,51.1774445,4.03362274,3.84801865,52,135,405.000031,270,0,0,0,0,1024,37.0625,986.9375,3.61938477,20,7.545532
02/01/2021 23:56:49,100,100,100,69,66,69,2494.34253,2494.34253,12.982687,9.920493,0.0242470521,99.7737045,51.1749268,4.03342438,3.848217,52,135,405.000031,270,0,0,0,0,1024,37.0625,986.9375,3.61938477,20,7.545532
02/01/2021 23:56:50,100,100,100,67,67,68,2494.3418,2494.3418,12.9820824,9.943916,0.0211188272,99.773674,51.1750259,4.033432,3.84820938,52,135,405.000031,270,0,0,0,0,1024,37.0625,986.9375,3.61938477,19,7.545532
02/01/2021 23:56:51,100,100,100,68,66,69,2494.34229,2494.34229,12.98619,9.919862,0.0228126645,99.77369,51.17711,4.033596,3.84804535,52,135,405.000031,270,0,0,0,0,1024,37.0625,986.9375,3.61938477,19,7.545532
02/01/2021 23:56:52,100,100,100,68,66,68,2494.342,2494.342,12.9666643,9.928373,0.0215461031,99.77368,51.1747856,4.033413,3.84822845,52,135,405.000031,270,0,0,0,0,1024,37.0625,986.9375,3.61938477,19,7.545532
02/01/2021 23:56:53,100,100,100,69,67,69,2494.34253,2494.34253,12.9805851,9.929885,0.0216987282,99.7737045,51.1749268,4.03342438,3.848217,52,135,405.000031,270,0,0,0,0,1024,37.0625,986.9375,3.61938477,19,7.545532
02/01/2021 23:56:54,100,100,100,68,66,68,2494.34229,2494.34229,12.82503,9.600301,0.0145574249,99.77369,51.7706833,4.08037949,3.801262,52,135,405.000031,270,0,0,0,0,1024,37.0625,986.9375,3.61938477,19,7.545532
02/01/2021 23:56:55,100,100,100,68,66,69,2494.342,2494.342,12.8428087,9.711837,0.0153203038,99.77368,51.73361,4.07745743,3.804184,52,135,405.000031,270,0,0,0,0,1024,37.0625,986.9375,3.61938477,19,7.545532
02/01/2021 23:56:56,100,100,100,68,67,69,2494.34229,2494.34229,12.9822292,9.931376,0.022354871,99.77369,51.73385,4.0774765,3.804165,52,135,405.000031,270,0,0,0,0,1024,37.0625,986.9375,3.61938477,19,7.545532
02/01/2021 23:56:57,100,100,100,68,66,68,2494.342,2494.342,12.9852161,9.921349,0.0238960534,99.77369,51.7268333,4.07692337,3.804718,52,135,405.000031,270,0,0,0,0,1024,37.0625,986.9375,3.61938477,19,7.545532
02/01/2021 23:56:58,100,100,100,67,66,68,2494.34253,2494.34253,12.9870777,9.935204,0.022873681,99.7737,51.7261047,4.076866,3.80477524,52,135,405.000031,270,0,0,0,0,1024,37.0625,986.9375,3.61938477,19,7.545532
02/01/2021 23:56:59,100,100,100,68,66,68,2494.34229,2494.34229,12.9702492,9.898782,0.0241249464,99.77369,51.72383,4.076687,3.80495453,52,135,405.000031,270,0,0,0,0,1024,37.0625,986.9375,3.61938477,19,7.545532
02/01/2021 23:57:00,100,100,100,67,66,69,2494.34229,2494.34229,12.9807587,9.93119,0.0214850828,99.77369,51.7375259,4.07776642,3.803875,52,135,405.000031,270,0,0,0,0,1024,37.0625,986.9375,3.61938477,19,7.545532
02/01/2021 23:57:01,100,100,100,67,66,69,2494.34229,2494.34229,13.0114183,9.917486,0.0272073559,99.77369,51.7264442,4.076893,3.80474854,52,135,405.000031,270,0,0,0,0,1024,37.0625,986.9375,3.61938477,19,7.545532
02/01/2021 23:57:02,100,100,100,68,66,69,2494.342,2494.342,12.9679461,9.907844,0.0208747443,99.77368,51.68245,4.07342529,3.808216,52,135,405.000031,270,0,0,0,0,1024,37.0625,986.9375,3.61938477,19,7.545532
02/01/2021 23:57:03,100,100,100,68,66,69,2494.34253,2494.34253,12.992836,9.914512,0.02366709,99.7737,51.6853561,4.073654,3.80798721,52,135,405.000031,270,0,0,0,0,1024,37.0625,986.9375,3.61938477,19,7.545532
02/01/2021 23:57:04,100,100,100,69,66,69,2494.34229,2494.34229,12.9888325,9.942281,0.0211188868,99.77369,51.68274,4.073448,3.80819321,52,135,405.000031,270,0,0,0,0,1024,37.0625,986.9375,3.61938477,19,7.545532
02/01/2021 23:57:05,100,100,100,67,66,69,2494.34229,2494.34229,12.9990759,9.92577648,0.0248879157,99.77369,51.68119,4.073326,3.80831528,52,135,405.000031,270,0,0,0,0,1024,37.0625,986.9375,3.61938477,19,7.545532
02/01/2021 23:57:06,100,100,100,69,66,69,2494.342,2494.342,12.98715,9.947912,0.0210730787,99.77368,51.66783,4.07227325,3.80936813,52,135,405.000031,270,0,0,0,0,1024,37.0625,986.9375,3.61938477,19,7.545532
02/01/2021 23:57:07,100,100,100,69,66,69,2494.34229,2494.34229,12.9965973,9.924337,0.024063902,99.77369,51.6693344,4.07239151,3.80924988,52,135,405.000031,270,0,0,0,0,1024,37.0625,986.9375,3.61938477,19,7.545532
02/01/2021 23:57:08,100,100,100,67,67,69,2494.34229,2494.34229,12.9933,9.953509,0.0203559157,99.7737,51.6622162,4.07183075,3.80981064,52,135,405.000031,270,0,0,0,0,1024,37.0625,986.9375,3.61938477,19,7.545532
02/01/2021 23:57:09,100,100,100,68,66,69,2494.34229,2494.34229,12.9749413,9.908935,0.0233925134,99.77369,51.6599426,4.07165146,3.80999,52,135,405.000031,270,0,0,0,0,1024,37.0625,986.9375,3.61938477,19,7.545532
02/01/2021 23:57:10,100,100,100,69,66,69,2494.342,2494.342,12.9923248,9.95142651,0.021530835,99.77368,51.65709,4.07142639,3.810215,52,135,405.000031,270,0,0,0,0,1024,37.0625,986.9375,3.61938477,19,7.545532
02/01/2021 23:57:11,100,100,100,68,66,69,2494.342,2494.342,12.9946995,9.941786,0.0223548766,99.77368,51.658638,4.07154846,3.810093,52,135,405.000031,270,0,0,0,0,1024,37.0625,986.9375,3.61938477,19,7.545532
02/01/2021 23:57:12,100,100,100,68,66,69,2494.34253,2494.34253,12.9821377,9.9441185,0.02066109,99.7737045,51.6522,4.071041,3.81060028,52,135,405.000031,270,0,0,0,0,1024,37.0625,986.9375,3.61938477,19,7.545532
02/01/2021 23:57:13,100,100,100,68,67,69,2494.342,2494.342,13.0038509,9.922847,0.0229347236,99.773674,51.6583,4.07152176,3.81011963,52,135,405.000031,270,0,0,0,0,1024,37.0625,986.9375,3.61938477,19,7.545532
02/01/2021 23:57:14,100,100,100,69,67,69,2494.342,2494.342,13.0165529,9.953561,0.0214241128,99.77368,51.66914,4.07237625,3.80926514,52,135,405.000031,270,0,0,0,0,1024,37.0625,986.9375,3.61938477,19,7.545532
02/01/2021 23:57:15,100,100,100,69,66,69,2494.3418,2494.3418,13.0264883,9.961538,0.0221564863,99.773674,51.67069,4.07249832,3.809143,52,135,405.000031,270,0,0,0,0,1024,37.0625,986.9375,3.61938477,19,7.545532
02/01/2021 23:57:16,100,100,100,68,67,68,2494.34253,2494.34253,13.0142031,9.960759,0.0209204815,99.7737,51.66832,4.0723114,3.80933,52,135,405.000031,270,0,0,0,0,1024,37.0625,986.9375,3.61938477,19,7.545532
02/01/2021 23:57:17,100,100,100,69,67,69,2494.34253,2494.34253,13.0292788,9.965093,0.0219275951,99.7737,51.6689,4.072357,3.80928421,52,135,405.000031,270,0,0,0,0,1024,37.0625,986.9375,3.61938477,19,7.545532
02/01/2021 23:57:18,100,100,100,68,66,68,2494.3418,2494.3418,13.0883,10.0455341,0.021225689,99.773674,51.66149,4.07177353,3.80986786,52,135,405.000031,270,0,0,0,0,1024,37.0625,986.9375,3.61938477,19,7.545532
02/01/2021 23:57:19,100,100,100,70,66,70,2494.34229,2494.34229,13.084837,10.0411253,0.022507472,99.77369,51.6691856,4.07238,3.80926132,52,135,405.000031,270,0,0,0,0,1024,37.0625,986.9375,3.61938477,19,7.545532
02/01/2021 23:57:20,100,100,100,68,67,69,2494.34253,2494.34253,13.1057262,10.0810614,0.0214087758,99.7737,51.67514,4.07284927,3.808792,52,135,405.000031,270,0,0,0,0,1024,37.0625,986.9375,3.61938477,20,7.54558563
02/01/2021 23:57:21,100,100,100,69,66,70,2494.34229,2494.34229,13.1002645,10.0600691,0.0152745275,99.77369,51.68279,4.073452,3.80818939,52,135,405.000031,270,0,0,0,0,1024,37.0625,986.9375,3.61938477,20,7.54558563
02/01/2021 23:57:22,100,100,100,70,66,70,2494.342,2494.342,13.0584221,10.0177927,0.0225227289,99.77368,51.6854019,4.073658,3.8079834,52,135,405.000031,270,0,0,0,0,1024,37.0625,986.9375,3.61938477,20,7.54558563
02/01/2021 23:57:23,100,100,100,69,66,69,2494.34229,2494.34229,13.0421371,10.0263052,0.02197339,99.7737,51.6832237,4.07348633,3.808155,52,135,405.000031,270,0,0,0,0,1024,37.0625,986.9375,3.61938477,20,7.54558563
02/01/2021 23:57:24,100,100,100,69,66,69,2494.342,2494.342,13.0537615,10.0186577,0.0226447918,99.77368,51.685936,4.0737,3.80794144,52,135,405.000031,270,0,0,0,0,1024,37.0625,986.9375,3.61938477,20,7.54558563
02/01/2021 23:57:25,100,100,100,69,67,69,2494.342,2494.342,13.0498848,10.0292768,0.02049323,99.77368,51.68129,4.07333374,3.80830765,52,135,405.000031,270,0,0,0,0,1024,37.0625,986.9375,3.61938477,20,7.54558563
02/01/2021 23:57:26,100,100,100,69,67,69,2494.34253,2494.34253,13.0439272,9.988816,0.0241707359,99.7737,51.68187,4.07337952,3.80826187,52,135,405.000031,270,0,0,0,0,1024,37.0625,986.9375,3.61938477,20,7.54558563
02/01/2021 23:57:27,100,100,100,68,66,69,2494.342,2494.342,12.99922,9.951036,0.0232704431,99.77369,51.6835632,4.073513,3.80812836,52,135,405.000031,270,0,0,0,0,1024,37.0625,986.9375,3.61938477,20,7.54558563
02/01/2021 23:57:28,100,100,100,69,66,69,2494.342,2494.342,13.0014706,9.976822,0.02119514,99.77368,51.6838531,4.073536,3.80810547,52,135,405.000031,270,0,0,0,0,1024,37.0625,986.9375,3.61938477,20,7.54558563
02/01/2021 23:57:29,100,100,100,69,66,69,2494.342,2494.342,12.9904766,9.96841,0.0222633816,99.77368,51.6803665,4.07326126,3.80838013,52,135,405.000031,270,0,0,0,0,1024,37.0625,986.9375,3.61938477,20,7.54558563
02/01/2021 23:57:30,100,100,100,68,66,69,2494.34229,2494.34229,13.0086107,9.995525,0.02146983,99.7737,51.6680222,4.07228851,3.80935287,52,135,405.000031,270,0,0,0,0,1024,37.0625,986.9375,3.61938477,20,7.54558563
02/01/2021 23:57:31,100,100,100,69,67,70,2494.34253,2494.34253,12.981926,9.942685,0.0236213971,99.7737,51.6687965,4.07234955,3.80929184,52,135,405.000031,270,0,0,0,0,1024,37.0625,986.9375,3.61938477,20,7.54558563
02/01/2021 23:57:32,100,100,100,68,67,69,2494.3418,2494.3418,12.96815,9.963674,0.02114937,99.773674,51.6674423,4.07224274,3.80939865,52,135,405.000031,270,0,0,0,0,1024,37.0625,986.9375,3.61938477,20,7.54558563
02/01/2021 23:57:33,100,100,100,70,67,70,2494.34229,2494.34229,12.9592524,9.927027,0.0234688353,99.77369,51.6704,4.07247543,3.809166,52,135,405.000031,270,0,0,0,0,1024,37.0625,986.9375,3.61938477,20,7.54558563
02/01/2021 23:57:34,100,100,100,69,67,69,2494.34229,2494.34229,12.9347658,9.936617,0.0209205113,99.7737,51.66028,4.071678,3.80996323,52,135,405.000031,270,0,0,0,0,1024,37.0625,986.9375,3.61938477,20,7.54558563
02/01/2021 23:57:35,100,100,100,68,67,68,2494.3418,2494.3418,12.9161282,9.890864,0.0224769488,99.773674,51.6635246,4.07193375,3.80970764,52,135,405.000031,270,0,0,0,0,1024,37.0625,986.9375,3.61938477,20,7.54558563
02/01/2021 23:57:36,100,100,100,69,66,69,2494.34253,2494.34253,12.88886,9.891753,0.0213935133,99.7737045,51.66454,4.072014,3.80962753,52,135,405.000031,270,0,0,0,0,1024,37.0625,986.9375,3.61938477,20,7.54558563
02/01/2021 23:57:37,100,100,100,68,67,69,2494.34229,2494.34229,12.9085169,9.888253,0.0241553932,99.7737,51.66938,4.07239532,3.809246,52,135,405.000031,270,0,0,0,0,1024,37.0625,986.9375,3.61938477,20,7.54558563
02/01/2021 23:57:38,100,100,100,68,67,69,2494.3418,2494.3418,12.9540892,9.948531,0.0214393865,99.773674,51.6681252,4.072296,3.80934525,52,135,405.000031,270,0,0,0,0,1024,37.0625,986.9375,3.61938477,20,7.54558563
02/01/2021 23:57:39,100,100,100,69,67,69,2494.34253,2494.34253,12.9470091,9.930231,0.022064941,99.7737045,51.66914,4.07237625,3.80926514,52,135,405.000031,270,0,0,0,0,1024,37.0625,986.9375,3.61938477,20,7.54558563
02/01/2021 23:57:40,100,100,100,69,67,69,2494.34229,2494.34229,12.9711561,9.964986,0.0204016659,99.77369,51.6784325,4.07310867,3.80853271,52,135,405.000031,270,0,0,0,0,1024,37.0625,986.9375,3.61938477,20,7.54558563
02/01/2021 23:57:41,100,100,100,69,67,69,2494.3418,2494.3418,13.0103445,9.97114849,0.02380452,99.773674,51.6804657,4.073269,3.8083725,52,135,405.000031,270,0,0,0,0,1024,37.0625,986.9375,3.61938477,20,7.54558563
02/01/2021 23:57:42,100,100,100,69,67,70,2494.3418,2494.3418,13.0444736,10.0303535,0.0210730676,99.773674,51.6814842,4.073349,3.80829239,52,135,405.000031,270,0,0,0,0,1024,37.0625,986.9375,3.61938477,20,7.54558563
02/01/2021 23:57:43,100,100,100,70,66,70,2494.34277,2494.34277,13.0324659,10.006074,0.0229347311,99.77371,51.68071,4.073288,3.80835342,52,135,405.000031,270,0,0,0,0,1024,37.0625,986.9375,3.61938477,20,7.54558563
02/01/2021 23:57:44,100,100,100,69,67,69,2494.342,2494.342,13.0634193,10.0488091,0.0210883431,99.77369,51.6783333,4.073101,3.80854034,52,135,405.000031,270,0,0,0,0,1024,37.0625,986.9375,3.61938477,20,7.54558563
02/01/2021 23:57:45,100,100,100,70,67,70,2494.342,2494.342,13.1033087,10.0648317,0.02395709,99.77368,51.68022,4.07325,3.80839157,52,135,405.000031,270,0,0,0,0,1024,37.0625,986.9375,3.61938477,20,7.54558563
02/01/2021 23:57:46,100,100,100,69,67,69,2494.34229,2494.34229,13.1293364,10.1097212,0.0210578181,99.77369,51.6828842,4.07345963,3.80818176,52,135,405.000031,270,0,0,0,0,1024,37.0625,986.9375,3.61938477,20,7.54558563
02/01/2021 23:57:47,100,100,100,68,67,68,2494.34229,2494.34229,13.1082211,10.0467644,0.0238960534,99.7737,51.6779,4.07306671,3.80857468,52,135,405.000031,270,0,0,0,0,1024,37.0625,986.9375,3.61938477,20,7.54558563
02/01/2021 23:57:48,100,100,100,69,66,69,2494.342,2494.342,13.0949421,10.0537815,0.0214240421,99.77368,51.6771736,4.07300949,3.808632,52,135,405.000031,270,0,0,0,0,1024,37.0625,986.9375,3.61938477,20,7.54558563
02/01/2021 23:57:49,100,100,100,70,66,70,2494.34229,2494.34229,13.1166048,10.0569162,0.0221259855,99.7737,51.6768379,4.072983,3.8086586,52,135,405.000031,270,0,0,0,0,1024,37.0625,986.9375,3.61938477,20,7.54558563
02/01/2021 23:57:50,100,100,100,69,66,69,2494.3418,2494.3418,13.1062851,10.0608654,0.0216224212,99.773674,51.67538,4.07286835,3.808773,52,135,405.000031,270,0,0,0,0,1024,37.0625,986.9375,3.61938477,20,7.54558563
02/01/2021 23:57:51,100,100,100,69,67,70,2494.34253,2494.34253,13.1146679,10.0423326,0.022324333,99.7737045,51.6731071,4.072689,3.80895233,52,135,405.000031,270,0,0,0,0,1024,37.0625,986.9375,3.61938477,20,7.54558563
02/01/2021 23:57:52,100,100,100,68,67,70,2494.34229,2494.34229,13.1378565,10.0880346,0.0219122972,99.77369,51.67156,4.072567,3.8090744,52,135,405.000031,270,0,0,0,0,1024,37.0625,986.9375,3.61938477,20,7.54558563
02/01/2021 23:57:53,100,100,100,69,67,69,2494.3418,2494.3418,13.1221628,10.0626621,0.0228890385,99.773674,51.6704,4.07247543,3.809166,52,135,405.000031,270,0,0,0,0,1024,37.0625,986.9375,3.61938477,20,7.54558563
02/01/2021 23:57:54,100,100,100,68,66,69,2494.34253,2494.34253,13.1430941,10.0922756,0.02145455,99.7737045,51.66406,4.07197571,3.80966568,52,135,405.000031,270,0,0,0,0,1024,37.0625,986.9375,3.61938477,20,7.54558563
02/01/2021 23:57:55,100,100,100,69,66,70,2494.34253,2494.34253,13.1279879,10.0627146,0.02290421,99.7737,51.6696739,4.072418,3.80922318,52,135,405.000031,270,0,0,0,0,1024,37.0625,986.9375,3.61938477,20,7.54558563
02/01/2021 23:57:56,100,100,100,69,66,69,2494.34229,2494.34229,13.1070757,10.0605392,0.021057846,99.77369,51.66609,4.072136,3.80950546,52,135,405.000031,270,0,0,0,0,1024,37.0625,986.9375,3.61938477,20,7.54558563
02/01/2021 23:57:57,100,100,100,68,67,70,2494.34229,2494.34229,13.1002712,10.01974,0.0246285,99.77369,51.65854,4.071541,3.81010056,52,135,405.000031,270,0,0,0,0,1024,37.0625,986.9375,3.61938477,20,7.54558563
02/01/2021 23:57:58,100,100,100,70,66,69,2494.342,2494.342,13.0898533,10.01906,0.0237892177,99.77368,51.65748,4.071457,3.81018448,52,135,405.000031,270,0,0,0,0,1024,37.0625,986.9375,3.61938477,20,7.54558563
02/01/2021 23:57:59,100,100,100,67,67,70,2494.34229,2494.34229,13.10967,10.0572586,0.02166822,99.7737,51.66038,4.071686,3.8099556,52,135,405.000031,270,0,0,0,0,1024,37.0625,986.9375,3.61938477,20,7.54558563
02/01/2021 23:58:00,100,100,100,68,68,70,2494.342,2494.342,13.0764875,10.0096436,0.0217139851,99.77368,51.6612968,4.07175827,3.809883,52,135,405.000031,270,0,0,0,0,1024,37.0625,986.9375,3.61938477,20,7.54558563
02/01/2021 23:58:01,100,100,100,68,67,70,2494.3418,2494.3418,13.098917,10.0130787,0.0244148485,99.77367,51.6563148,4.07136536,3.810276,52,135,405.000031,270,0,0,0,0,1024,37.0625,986.9375,3.61938477,20,7.54558563
02/01/2021 23:58:02,100,100,100,68,67,70,2494.34277,2494.34277,13.0529556,9.926204,0.0252236184,99.77371,51.6588326,4.07156372,3.81007767,52,135,405.000031,270,0,0,0,0,1024,37.0625,986.9375,3.61938477,20,7.54558563
02/01/2021 23:58:03,100,100,100,68,67,69,2494.34229,2494.34229,13.0081387,9.913797,0.0215461273,99.77369,51.6597,4.07163239,3.810009,52,135,405.000031,270,0,0,0,0,1024,37.0625,986.9375,3.61938477,20,7.54558563
02/01/2021 23:58:04,100,100,100,70,67,70,2494.34229,2494.34229,13.0086422,9.886285,0.0229652431,99.7737,51.65801,4.071499,3.81014252,52,135,405.000031,270,0,0,0,0,1024,37.0625,986.9375,3.61938477,20,7.54558563
02/01/2021 23:58:05,100,100,100,70,66,70,2494.342,2494.342,13.0693283,9.943175,0.0215308424,99.77369,51.81337,4.083744,3.79789734,52,135,405.000031,270,0,0,0,0,1024,37.0625,986.9375,3.61938477,20,7.54558563
02/01/2021 23:58:06,100,100,100,70,66,70,2494.342,2494.342,12.9888878,9.910567,0.021454582,99.77368,51.8138046,4.08377838,3.797863,53,135,405.000031,270,0,0,0,0,1024,37.0625,986.9375,3.61938477,20,7.54558563
02/01/2021 23:58:07,100,100,100,69,67,69,2494.342,2494.342,13.0035954,9.937849,0.0209205039,99.77368,51.81206,4.083641,3.79800034,52,135,405.000031,270,0,0,0,0,1024,37.0625,986.9375,3.61938477,20,7.54558563
02/01/2021 23:58:08,100,100,100,68,66,69,2494.3418,2494.3418,13.0025921,9.90529251,0.023468785,99.77367,51.81821,4.08412552,3.79751587,53,135,405.000031,270,0,0,0,0,1024,37.0625,986.9375,3.61938477,20,7.54558563
02/01/2021 23:58:09,100,100,100,69,67,69,2494.34277,2494.34277,12.99506,9.930002,0.0212867167,99.77371,51.8101273,4.08348846,3.798153,52,135,405.000031,270,0,0,0,0,1024,37.0625,986.9375,3.61938477,20,7.54558563
02/01/2021 23:58:10,100,100,100,69,66,69,2494.34229,2494.34229,12.9784031,9.899076,0.0218971,99.77369,51.7990456,4.082615,3.79902649,52,135,405.000031,270,0,0,0,0,1024,37.0625,986.9375,3.61938477,20,7.54558563
02/01/2021 23:58:11,100,100,100,69,66,69,2494.342,2494.342,12.9944992,9.92912,0.0205390174,99.773674,51.7974472,4.082489,3.79915237,53,135,405.000031,270,0,0,0,0,1024,37.0625,986.9375,3.61938477,20,7.54558563
02/01/2021 23:58:12,100,100,100,69,66,70,2494.34253,2494.34253,12.9895344,9.89733,0.02221753,99.7737,51.8025742,4.08289337,3.798748,52,135,405.000031,270,0,0,0,0,1024,37.0625,986.9375,3.61938477,20,7.54558563
02/01/2021 23:58:13,100,100,100,68,68,69,2494.342,2494.342,12.9785042,9.913809,0.0212562233,99.77368,51.7944,4.08224869,3.7993927,53,135,405.000031,270,0,0,0,0,1024,37.0625,986.9375,3.61938477,20,7.54558563
02/01/2021 23:58:14,100,100,100,69,66,69,2494.34229,2494.34229,12.9904518,9.893627,0.0231178049,99.77369,51.79488,4.082287,3.79935455,52,135,405.000031,270,0,0,0,0,1024,37.0625,986.9375,3.61938477,20,7.54558563
02/01/2021 23:58:15,100,100,100,69,67,69,2494.34229,2494.34229,12.9989834,9.925075,0.0214545727,99.77369,51.79309,4.08214569,3.7994957,53,135,405.000031,270,0,0,0,0,1024,37.0625,986.9375,3.61938477,20,7.54558563
02/01/2021 23:58:16,100,100,100,69,68,69,2494.34253,2494.34253,12.9897957,9.903497,0.0223396085,99.7737,51.79425,4.08223724,3.79940414,53,135,405.000031,270,0,0,0,0,1024,37.0625,986.9375,3.61938477,20,7.54558563
02/01/2021 23:58:17,100,100,100,68,67,70,2494.3418,2494.3418,12.9739838,9.901892,0.0215766374,99.77367,51.7936249,4.08218765,3.79945374,53,135,405.000031,270,0,0,0,0,1024,37.0625,986.9375,3.61938477,20,7.54558563
02/01/2021 23:58:18,100,100,100,69,66,70,2494.34253,2494.34253,12.9916191,9.894637,0.02392659,99.7737,51.80611,4.083172,3.79846954,52,135,405.000031,270,0,0,0,0,1024,37.0625,986.9375,3.61938477,20,7.54558563
02/01/2021 23:58:19,100,100,100,70,67,70,2494.34229,2494.34229,12.9899206,9.901118,0.0227668732,99.77369,51.804512,4.083046,3.79859543,53,135,405.000031,270,0,0,0,0,1024,37.0625,986.9375,3.61938477,20,7.54558563
02/01/2021 23:58:20,100,100,100,69,66,69,2494.342,2494.342,12.9817238,9.918374,0.0214087926,99.77369,51.8014641,4.08280563,3.79883575,52,135,405.000031,270,0,0,0,0,1024,37.0625,986.9375,3.61938477,20,7.54558563
02/01/2021 23:58:21,100,100,100,68,66,70,2494.34253,2494.34253,13.0014524,9.902015,0.0236824248,99.7737,51.8073235,4.083267,3.79837418,52,135,405.000031,270,0,0,0,0,1024,37.0625,986.9375,3.61938477,20,7.54558563
02/01/2021 23:58:22,100,100,100,68,66,70,2494.342,2494.342,12.9920006,9.910277,0.0222938433,99.77368,51.80771,4.08329773,3.79834366,52,135,405.000031,270,0,0,0,0,1024,37.0625,986.9375,3.61938477,20,7.54558563
02/01/2021 23:58:23,100,100,100,69,66,69,2494.342,2494.342,12.9732141,9.905961,0.0213324782,99.77368,51.8034973,4.082966,3.79867554,52,135,405.000031,270,0,0,0,0,1024,37.0625,986.9375,3.61938477,20,7.54558563
02/01/2021 23:58:24,100,100,100,68,67,68,2494.34229,2494.34229,12.9868507,9.881752,0.0243233182,99.7737,51.7648735,4.07992172,3.80171967,52,135,405.000031,270,0,0,0,0,1024,37.0625,986.9375,3.61938477,20,7.54558563
02/01/2021 23:58:25,100,100,100,69,66,69,2494.34229,2494.34229,12.9845991,9.91786,0.0213935431,99.77369,51.7656975,4.07998657,3.80165482,53,135,405.000031,270,0,0,0,0,1024,37.0625,986.9375,3.61938477,20,7.54558563
02/01/2021 23:58:26,100,100,100,68,66,69,2494.34229,2494.34229,12.9803219,9.901286,0.0218360554,99.77369,51.75713,4.07931137,3.80233,53,135,405.000031,270,0,0,0,0,1024,37.0625,986.9375,3.61938477,20,7.54558563
02/01/2021 23:58:27,100,100,100,68,66,70,2494.34229,2494.34229,12.9782915,9.912577,0.0217597578,99.77369,51.7533531,4.079014,3.80262756,53,135,405.000031,270,0,0,0,0,1024,37.0625,986.9375,3.61938477,20,7.54558563
02/01/2021 23:58:28,100,100,100,68,67,69,2494.34155,2494.34155,12.9793415,9.89469051,0.0226447918,99.77367,51.75466,4.079117,3.80252457,52,135,405.000031,270,0,0,0,0,1024,37.0625,986.9375,3.61938477,20,7.54558563
02/01/2021 23:58:29,100,100,100,69,66,70,2494.34253,2494.34253,12.9839344,9.915778,0.0213324912,99.7737045,51.75258,4.078953,3.8026886,52,135,405.000031,270,0,0,0,0,1024,37.0625,986.9375,3.61938477,20,7.54558563
02/01/2021 23:58:30,100,100,100,69,66,69,2494.342,2494.342,12.974144,9.881019,0.0238808338,99.77369,51.7527733,4.078968,3.80267334,53,135,405.000031,270,0,0,0,0,1024,37.0625,986.9375,3.61938477,20,7.54558563
02/01/2021 23:58:31,100,100,100,69,66,69,2494.342,2494.342,12.9745111,9.906053,0.0210425518,99.77368,51.75016,4.078762,3.80287933,53,135,405.000031,270,0,0,0,0,1024,37.0625,986.9375,3.61938477,20,7.54558563
02/01/2021 23:58:32,100,100,100,69,66,69,2494.34229,2494.34229,12.9790745,9.882717,0.0238045119,99.77369,51.74856,4.078636,3.80300522,53,135,405.000031,270,0,0,0,0,1024,37.0625,986.9375,3.61938477,20,7.54558563
02/01/2021 23:58:33,100,100,100,68,66,70,2494.34253,2494.34253,12.9673929,9.90174,0.0214393064,99.7737,51.7487068,4.07864761,3.80299377,53,135,405.000031,270,0,0,0,0,1024,37.0625,986.9375,3.61938477,20,7.54558563
02/01/2021 23:58:34,100,100,100,69,67,69,2494.342,2494.342,12.9860182,9.888562,0.0222633239,99.77368,51.7423668,4.078148,3.8034935,53,135,405.000031,270,0,0,0,0,1024,37.0625,986.9375,3.61938477,20,7.54558563
02/01/2021 23:58:35,100,100,100,69,67,69,2494.342,2494.342,12.9800425,9.91207,0.021836048,99.77368,51.74024,4.07798,3.80366135,53,135,405.000031,270,0,0,0,0,1024,37.0625,986.9375,3.61938477,20,7.54558563
02/01/2021 23:58:36,100,100,100,68,66,69,2494.34253,2494.34253,12.9814644,9.892509,0.0231178328,99.7737,51.73995,4.077957,3.80368423,52,135,405.000031,270,0,0,0,0,1024,37.0625,986.9375,3.61938477,20,7.54558563
02/01/2021 23:58:37,100,100,100,68,67,69,2494.342,2494.342,12.9752254,9.907207,0.02195813,99.77368,51.7358322,4.077633,3.80400848,52,135,405.000031,270,0,0,0,0,1024,37.0625,986.9375,3.61938477,20,7.54558563
02/01/2021 23:58:38,100,100,100,69,66,69,2494.342,2494.342,12.9839611,9.899799,0.021988634,99.77368,51.7413979,4.07807159,3.80356979,53,135,405.000031,270,0,0,0,0,1024,37.0625,986.9375,3.61938477,20,7.54558563
02/01/2021 23:58:39,100,100,100,69,67,69,2494.34253,2494.34253,13.049367,9.882606,0.0215308629,99.7737,51.88839,4.089657,3.79198456,53,135,405.000031,270,0,0,0,0,1024,37.0625,986.9375,3.61938477,20,7.54558563
02/01/2021 23:58:40,100,100,100,68,67,69,2494.34131,2494.34131,12.9619665,9.920086,0.0130161829,99.77366,51.8844681,4.089348,3.79229355,53,135,405.000031,270,0,0,0,0,1024,37.0625,986.9375,3.61938477,20,7.54558563
02/01/2021 23:58:41,100,100,100,68,67,69,2494.34277,2494.34277,12.9958754,9.933471,0.0209357645,99.7737045,51.8906631,4.089836,3.79180527,53,135,405.000031,270,0,0,0,0,1024,37.0625,986.9375,3.61938477,20,7.54558563
02/01/2021 23:58:42,100,100,100,67,67,70,2494.34253,2494.34253,12.9982557,9.905396,0.0238350034,99.7737045,51.89023,4.089802,3.7918396,53,135,405.000031,270,0,0,0,0,1024,37.0625,986.9375,3.61938477,20,7.54558563
02/01/2021 23:58:43,100,100,100,69,67,69,2494.34131,2494.34131,13.0257177,9.962014,0.0217903033,99.77365,51.89865,4.09046555,3.79117584,53,135,405.000031,270,0,0,0,0,1024,37.0625,986.9375,3.61938477,20,7.54558563
02/01/2021 23:58:44,100,100,100,68,67,69,2494.34326,2494.34326,13.0010881,9.939386,0.0222480539,99.77373,51.89918,4.09050751,3.79113388,52,135,405.000031,270,0,0,0,0,1024,37.0625,986.9375,3.61938477,20,7.54558563
02/01/2021 23:58:45,100,100,100,69,68,70,2494.342,2494.342,13.0099573,9.97077751,0.0213019829,99.77368,51.89531,4.09020233,3.791439,53,135,405.000031,270,0,0,0,0,1024,37.0625,986.9375,3.61938477,20,7.54558563
02/01/2021 23:58:46,100,100,100,69,67,70,2494.34229,2494.34229,12.9988031,9.94592,0.022949988,99.77369,51.8999557,4.09056854,3.79107285,53,135,405.000031,270,0,0,0,0,1024,37.0625,986.9375,3.61938477,20,7.54558563
02/01/2021 23:58:47,100,100,100,68,68,69,2494.342,2494.342,13.0158224,9.971975,0.0217750054,99.77368,51.89807,4.09042,3.79122162,53,135,405.000031,270,0,0,0,0,1024,37.0625,986.9375,3.61938477,20,7.54558563
02/01/2021 23:58:48,100,100,100,69,68,69,2494.34229,2494.34229,13.03531,9.981339,0.02310262,99.77369,51.9034424,4.090843,3.79079819,53,135,405.000031,270,0,0,0,0,1024,37.0625,986.9375,3.61938477,20,7.54558563
02/01/2021 23:58:49,100,100,100,69,66,70,2494.34229,2494.34229,13.0294981,9.992685,0.0217444915,99.7737,51.9060059,4.09104538,3.790596,53,135,405.000031,270,0,0,0,0,1024,37.0625,986.9375,3.61938477,20,7.54558563
02/01/2021 23:58:50,100,100,100,68,67,70,2494.34229,2494.34229,13.0292311,10.0102091,0.0206458364,99.77369,51.9058151,4.09103,3.79061127,53,135,405.000031,270,0,0,0,0,1024,37.0625,986.9375,3.61938477,20,7.54558563
02/01/2021 23:58:51,100,100,100,69,67,70,2494.342,2494.342,13.0437136,10.0064707,0.0222785827,99.77368,51.9039764,4.090885,3.79075623,53,135,405.000031,270,0,0,0,0,1024,37.0625,986.9375,3.61938477,20,7.54558563
02/01/2021 23:58:52,100,100,100,70,66,70,2494.34229,2494.34229,13.0423689,10.0168047,0.0214545522,99.7737,51.90625,4.09106445,3.790577,53,135,405.000031,270,0,0,0,0,1024,37.0625,986.9375,3.61938477,20,7.54558563
02/01/2021 23:58:53,100,100,100,69,66,70,2494.342,2494.342,13.0383539,9.984049,0.0240181647,99.77369,51.9054756,4.09100342,3.790638,52,135,405.000031,270,0,0,0,0,1024,37.0625,986.9375,3.61938477,20,7.54558563
02/01/2021 23:58:54,100,100,100,69,68,70,2494.341,2494.341,13.0092888,9.976754,0.02191231,99.77364,51.9002953,4.09059525,3.79104614,53,135,405.000031,270,0,0,0,0,1024,37.0625,986.9375,3.61938477,20,7.54558563
02/01/2021 23:58:55,100,100,100,69,67,70,2494.34351,2494.34351,13.0161114,9.997588,0.0210426059,99.77374,51.9000053,4.09057236,3.791069,53,135,405.000031,270,0,0,0,0,1024,37.0625,986.9375,3.61938477,20,7.54558563
02/01/2021 23:58:56,100,100,100,70,67,70,2494.342,2494.342,13.0349951,9.999753,0.0236061327,99.77368,51.90015,4.090584,3.79105759,53,135,405.000031,270,0,0,0,0,1024,37.0625,986.9375,3.61938477,20,7.54558563
02/01/2021 23:58:57,100,100,100,70,68,70,2494.3418,2494.3418,13.0020313,9.980817,0.0209815037,99.77367,51.59925,4.066868,3.81477356,53,135,405.000031,270,0,0,0,0,1024,37.0625,986.9375,3.61938477,20,7.54558563
02/01/2021 23:58:58,100,100,100,69,68,69,2494.34277,2494.34277,13.0196457,9.967736,0.0239266083,99.7737045,51.59499,4.066532,3.81510925,53,135,405.000031,270,0,0,0,0,1024,37.0625,986.9375,3.61938477,20,7.54558563
02/01/2021 23:58:59,100,100,100,70,67,70,2494.34229,2494.34229,13.0399685,10.0239229,0.0216834582,99.77369,51.59359,4.06642151,3.81521988,53,135,405.000031,270,0,0,0,0,1024,37.0625,986.9375,3.61938477,20,7.54558563
02/01/2021 23:59:00,100,100,100,70,67,70,2494.34229,2494.34229,13.0244646,9.98785,0.0227210913,99.77369,51.59412,4.06646347,3.815178,53,135,405.000031,270,0,0,0,0,1024,37.0625,986.9375,3.61938477,20,7.54558563
02/01/2021 23:59:01,100,100,100,69,68,69,2494.342,2494.342,13.0441189,10.0136538,0.0236976855,99.77368,51.59514,4.06654358,3.81509781,53,135,405.000031,270,0,0,0,0,1024,37.0625,986.9375,3.61938477,20,7.54558563
02/01/2021 23:59:02,100,100,100,70,67,70,2494.34229,2494.34229,13.0389748,10.002284,0.0230873115,99.7737,51.59514,4.06654358,3.81509781,53,135,405.000031,270,0,0,0,0,1024,37.0625,986.9375,3.61938477,20,7.54558563
02/01/2021 23:59:03,100,100,100,69,67,70,2494.34229,2494.34229,13.0415955,10.0209732,0.0213935245,99.7737,51.5912666,4.0662384,3.815403,53,135,405.000031,270,0,0,0,0,1024,37.0625,986.9375,3.61938477,20,7.54558563
02/01/2021 23:59:04,100,100,100,69,68,70,2494.3418,2494.3418,13.0214272,9.972422,0.02357561,99.773674,51.5895233,4.066101,3.81554031,53,135,405.000031,270,0,0,0,0,1024,37.0625,986.9375,3.61938477,20,7.54558563
02/01/2021 23:59:05,100,100,100,70,68,70,2494.34229,2494.34229,13.0414391,10.0194864,0.0214088,99.7737,51.58705,4.06590652,3.81573486,53,135,405.000031,270,0,0,0,0,1024,37.0625,986.9375,3.61938477,20,7.54558563
02/01/2021 23:59:06,100,100,100,69,67,70,2494.3418,2494.3418,13.058075,9.99697,0.0224616732,99.773674,51.57578,4.0650177,3.81662369,53,135,405.000031,270,0,0,0,0,1024,37.0625,986.9375,3.61938477,20,7.54558563
02/01/2021 23:59:07,100,100,100,68,67,70,2494.34277,2494.34277,13.0506754,10.0103531,0.0219275989,99.77371,51.5716133,4.06468964,3.81695175,53,135,405.000031,270,0,0,0,0,1024,37.0625,986.9375,3.61938477,20,7.54558563
02/01/2021 23:59:08,100,100,100,69,67,70,2494.342,2494.342,13.0544958,10.0037622,0.0224159323,99.77368,51.57234,4.064747,3.81689453,53,135,405.000031,270,0,0,0,0,1024,37.0625,986.9375,3.61938477,20,7.54558563
02/01/2021 23:59:09,100,100,100,69,67,70,2494.342,2494.342,13.0570116,10.0372581,0.0216529388,99.77368,51.5691948,4.064499,3.81714249,53,135,405.000031,270,0,0,0,0,1024,37.0625,986.9375,3.61938477,20,7.54558563
02/01/2021 23:59:10,100,100,100,68,66,70,2494.34253,2494.34253,13.0528116,10.0048294,0.0234840456,99.7737,51.5685654,4.06444931,3.817192,52,135,405.000031,270,0,0,0,0,1024,37.0625,986.9375,3.61938477,20,7.54558563
02/01/2021 23:59:11,100,100,100,69,67,70,2494.34131,2494.34131,13.0455227,10.0238733,0.021698745,99.77366,51.5660973,4.06425476,3.81738663,53,135,405.000031,270,0,0,0,0,1024,37.0625,986.9375,3.61938477,20,7.54558563
02/01/2021 23:59:12,100,100,100,69,67,69,2494.34277,2494.34277,13.0526752,10.00216,0.0227516033,99.77371,51.5695839,4.06452942,3.817112,53,135,405.000031,270,0,0,0,0,1024,37.0625,986.9375,3.61938477,20,7.54558563
02/01/2021 23:59:13,100,100,100,68,67,70,2494.34229,2494.34229,13.0912685,10.0573244,0.02160716,99.77369,51.5673065,4.06435,3.81729126,53,135,405.000031,270,0,0,0,0,1024,37.0625,986.9375,3.61938477,20,7.54558563
02/01/2021 23:59:14,100,100,100,70,68,70,2494.3418,2494.3418,13.0658922,10.0142927,0.0233162,99.773674,51.566967,4.06432343,3.817318,53,135,405.000031,270,0,0,0,0,1024,37.0625,986.9375,3.61938477,20,7.54558563
02/01/2021 23:59:15,100,100,100,70,67,70,2494.34253,2494.34253,13.0778522,10.0358973,0.0219428577,99.7737045,51.57563,4.06500626,3.81663513,53,135,405.000031,270,0,0,0,0,1024,37.0625,986.9375,3.61938477,20,7.54558563
02/01/2021 23:59:16,100,100,100,69,68,70,2494.34155,2494.34155,13.0767069,10.02831,0.0216071773,99.77367,51.5836639,4.0656395,3.816002,53,135,405.000031,270,0,0,0,0,1024,37.0625,986.9375,3.61938477,20,7.54558563
02/01/2021 23:59:17,100,100,100,69,66,69,2494.343,2494.343,13.0787783,10.0462513,0.0211188737,99.77372,51.57989,4.065342,3.81629944,53,135,405.000031,270,0,0,0,0,1024,37.0625,986.9375,3.61938477,20,7.54558563
02/01/2021 23:59:18,100,100,100,69,68,70,2494.342,2494.342,13.0907841,10.0246878,0.0245522112,99.77368,51.58144,4.065464,3.81617737,53,135,405.000031,270,0,0,0,0,1024,37.0625,986.9375,3.61938477,20,7.54558563
02/01/2021 23:59:19,100,100,100,68,67,69,2494.342,2494.342,13.0916548,10.0535355,0.0219885986,99.77368,51.5799866,4.06534958,3.81629181,53,135,405.000031,270,0,0,0,0,1024,37.0625,986.9375,3.61938477,20,7.54558563
02/01/2021 23:59:20,100,100,100,69,66,69,2494.34253,2494.34253,13.1029177,10.0493908,0.022583792,99.7737,51.5809555,4.065426,3.81621552,53,135,405.000031,270,0,0,0,0,1024,37.0625,986.9375,3.61938477,20,7.54558563
02/01/2021 23:59:21,100,100,100,70,66,70,2494.34253,2494.34253,13.1197681,10.0792637,0.0216834489,99.7737,51.57926,4.06529236,3.816349,53,135,405.000031,270,0,0,0,0,1024,37.0625,986.9375,3.61938477,20,7.54558563
02/01/2021 23:59:22,100,100,100,70,67,70,2494.342,2494.342,13.11893,10.0848875,0.0131840566,99.77369,51.63855,4.06996536,3.811676,53,135,405.000031,270,0,0,0,0,1024,37.0625,986.9375,3.61938477,20,7.54558563
02/01/2021 23:59:23,100,100,100,70,66,70,2494.342,2494.342,13.14656,10.1124344,0.0216376651,99.77368,51.6362267,4.06978226,3.81185913,53,135,405.000031,270,0,0,0,0,1024,37.0625,986.9375,3.61938477,20,7.54558563
02/01/2021 23:59:24,100,100,100,69,68,70,2494.34229,2494.34229,13.1632576,10.1172905,0.0229804888,99.77369,51.641407,4.07019043,3.811451,53,135,405.000031,270,0,0,0,0,1024,37.0625,986.9375,3.61938477,20,7.54558563
02/01/2021 23:59:25,100,100,100,68,67,70,2494.34229,2494.34229,13.1419926,10.1102266,0.0216682255,99.7737,51.6220932,4.06866837,3.812973,53,135,405.000031,270,0,0,0,0,1024,37.0625,986.9375,3.61938477,20,7.54558563
02/01/2021 23:59:26,100,100,100,69,67,70,2494.342,2494.342,13.1122189,10.0336866,0.0233619772,99.77368,51.625,4.06889725,3.81274414,53,135,405.000031,270,0,0,0,0,1024,37.0625,986.9375,3.61938477,20,7.54558563
02/01/2021 23:59:27,100,100,100,67,66,69,2494.34131,2494.34131,13.06812,9.972087,0.030644279,99.77366,51.5883636,4.06600952,3.81563187,53,135,405.000031,270,0,0,0,0,1024,37.0625,986.9375,3.61938477,20,7.54558563
02/01/2021 23:59:28,100,100,100,69,67,69,2494.343,2494.343,13.0564861,10.0249844,0.0130423093,99.77373,51.6262054,4.06899261,3.81264877,53,135,405.000031,270,0,0,0,0,1024,37.0625,986.9375,3.61938477,20,7.54558563
02/01/2021 23:59:29,100,100,100,70,68,71,2494.34229,2494.34229,13.1165848,10.0190468,0.0227668155,99.77369,51.74377,4.07825851,3.80338287,53,135,405.000031,270,0,0,0,0,1024,37.0625,986.9375,3.61938477,20,7.54558563
02/01/2021 23:59:30,100,100,100,69,68,69,2494.34229,2494.34229,13.0454483,9.928065,0.021378275,99.77369,51.7476921,4.0785675,3.803074,53,135,405.000031,270,0,0,0,0,1024,37.0625,986.9375,3.61938477,20,7.54558563
02/01/2021 23:59:31,100,100,100,70,67,70,2494.34229,2494.34229,13.0411835,9.933625,0.0237129629,99.77369,51.7383,4.07782745,3.803814,53,135,405.000031,270,0,0,0,0,1024,37.0625,986.9375,3.61938477,20,7.54558563
02/01/2021 23:59:32,100,100,100,69,68,70,2494.34229,2494.34229,13.0531473,9.980155,0.02191234,99.77369,51.7349167,4.07756042,3.804081,53,135,405.000031,270,0,0,0,0,1024,37.0625,986.9375,3.61938477,20,7.54558563
02/01/2021 23:59:33,100,100,100,69,67,69,2494.34229,2494.34229,13.089139,9.998108,0.0235603619,99.77369,51.7375259,4.07776642,3.803875,53,135,405.000031,270,0,0,0,0,1024,37.0625,986.9375,3.61938477,20,7.54558563
02/01/2021 23:59:34,100,100,100,68,67,70,2494.34229,2494.34229,13.072794,9.997904,0.0218360815,99.77369,51.73782,4.07778931,3.803852,53,135,405.000031,270,0,0,0,0,1024,37.0625,986.9375,3.61938477,20,7.54558563
02/01/2021 23:59:35,100,100,100,69,67,70,2494.342,2494.342,13.09088,9.982141,0.0249031261,99.77368,51.7394142,4.077915,3.8037262,53,135,405.000031,270,0,0,0,0,1024,37.0625,986.9375,3.61938477,20,7.54558563
02/01/2021 23:59:36,100,100,100,70,66,70,2494.34229,2494.34229,13.0951061,10.0200672,0.0214698389,99.77369,51.7374344,4.077759,3.8038826,53,135,405.000031,270,0,0,0,0,1024,37.0625,986.9375,3.61938477,20,7.54558563
02/01/2021 23:59:37,100,100,100,69,67,70,2494.34229,2494.34229,13.0878639,9.997598,0.0231788624,99.77369,51.7376747,4.077778,3.80386353,53,135,405.000031,270,0,0,0,0,1024,37.0625,986.9375,3.61938477,20,7.54558563
02/01/2021 23:59:38,100,100,100,69,67,70,2494.34229,2494.34229,13.0778637,10.00232,0.0214698389,99.77369,51.72862,4.07706451,3.80457687,53,135,405.000031,270,0,0,0,0,1024,37.0625,986.9375,3.61938477,20,7.54558563
02/01/2021 23:59:39,100,100,100,69,66,69,2494.342,2494.342,13.09094,10.0065775,0.0233772527,99.77368,51.7318649,4.07732,3.80432129,53,135,405.000031,270,0,0,0,0,1024,37.0625,986.9375,3.61938477,20,7.54558563
02/01/2021 23:59:40,100,100,100,69,67,70,2494.34229,2494.34229,13.0957909,10.033844,0.021485094,99.7737,51.73845,4.077839,3.80380249,53,135,405.000031,270,0,0,0,0,1024,37.0625,986.9375,3.61938477,20,7.54558563
02/01/2021 23:59:41,100,100,100,69,68,69,2494.3418,2494.3418,13.0753088,10.0178957,0.0226295348,99.77367,51.7401428,4.07797241,3.803669,53,135,405.000031,270,0,0,0,0,1024,37.0625,986.9375,3.61938477,20,7.54558563
02/01/2021 23:59:42,100,100,100,69,67,69,2494.343,2494.343,13.0882044,10.0339193,0.022354871,99.77372,51.73864,4.077854,3.80378723,53,135,405.000031,270,0,0,0,0,1024,37.0625,986.9375,3.61938477,20,7.54558563
02/01/2021 23:59:43,100,100,100,69,67,70,2494.3418,2494.3418,13.09553,10.0213919,0.0233772453,99.773674,51.7396545,4.07793427,3.80370712,53,135,405.000031,270,0,0,0,0,1024,37.0625,986.9375,3.61938477,20,7.54558563
02/01/2021 23:59:44,100,100,100,70,67,70,2494.34229,2494.34229,13.0800581,10.0238342,0.0229347274,99.77369,51.7395134,4.077923,3.80371857,53,135,405.000031,270,0,0,0,0,1024,37.0625,986.9375,3.61938477,20,7.54558563
02/01/2021 23:59:45,100,100,100,70,67,70,2494.34229,2494.34229,13.1065264,10.064621,0.0209357254,99.77369,51.73666,4.07769775,3.80394363,53,135,405.000031,270,0,0,0,0,1024,37.0625,986.9375,3.61938477,20,7.54558563
02/01/2021 23:59:46,100,100,100,69,68,69,2494.34229,2494.34229,13.0976257,10.0328865,0.0229499936,99.77369,51.7391739,4.077896,3.80374527,53,135,405.000031,270,0,0,0,0,1024,37.0625,986.9375,3.61938477,20,7.54558563
02/01/2021 23:59:47,100,100,100,67,67,69,2494.34229,2494.34229,13.0448561,9.999462,0.0222938638,99.77369,51.73748,4.0777626,3.80387878,53,135,405.000031,270,0,0,0,0,1024,37.0625,986.9375,3.61938477,20,7.54558563
02/01/2021 23:59:48,100,100,100,69,68,70,2494.34229,2494.34229,13.01451,9.998099,0.0215003379,99.7737,51.7355423,4.07761,3.80403137,53,135,405.000031,270,0,0,0,0,1024,37.0625,986.9375,3.61938477,20,7.54558563
02/01/2021 23:59:49,100,100,100,69,67,70,2494.342,2494.342,13.0656033,10.005043,0.0234383028,99.77368,51.73893,4.077877,3.80376434,53,135,405.000031,270,0,0,0,0,1024,37.0625,986.9375,3.61938477,20,7.54558563
02/01/2021 23:59:50,100,100,100,70,68,70,2494.342,2494.342,13.0814981,10.0391464,0.0215918925,99.77368,51.73806,4.07780838,3.803833,53,135,405.000031,270,0,0,0,0,1024,37.0625,986.9375,3.61938477,20,7.54560852
02/01/2021 23:59:51,100,100,100,69,68,69,2494.34253,2494.34253,13.0393982,10.0037537,0.0240486953,99.7737,51.7320137,4.07733154,3.80430984,53,135,405.000031,270,0,0,0,0,1024,37.0625,986.9375,3.61938477,20,7.54560852
02/01/2021 23:59:52,100,100,100,68,67,70,2494.342,2494.342,13.1428509,10.0200434,0.02367251,99.77368,51.7513733,4.07885742,3.802784,53,135,405.000031,270,0,0,0,0,1024,37.0625,986.9375,3.61938477,20,7.54560852
02/01/2021 23:59:53,100,100,100,68,67,69,2494.34253,2494.34253,13.2054253,10.01402,0.025009986,99.7737,51.7449837,4.078354,3.80328751,53,135,405.000031,270,0,0,0,0,1024,37.0625,986.9375,3.61938477,20,7.54560852
02/01/2021 23:59:54,100,100,100,69,67,70,2494.3418,2494.3418,13.1324511,10.0161877,0.0234385859,99.77367,51.74929,4.07869339,3.802948,53,135,405.000031,270,0,0,0,0,1024,37.0625,986.9375,3.61938477,20,7.54560852
02/01/2021 23:59:55,100,100,100,69,67,70,2494.34229,2494.34229,13.07673,10.0075321,0.02563565,99.7737,51.7521477,4.07891846,3.802723,53,135,405.000031,270,0,0,0,0,1024,37.0625,986.9375,3.61938477,20,7.54560852
02/01/2021 23:59:56,100,100,100,70,68,70,2494.342,2494.342,13.0942974,10.044405,0.0231178422,99.77368,51.75224,4.078926,3.8027153,53,135,405.000031,270,0,0,0,0,1024,37.0625,986.9375,3.61938477,20,7.54560852
02/01/2021 23:59:57,100,100,100,70,67,70,2494.34229,2494.34229,13.0644646,10.00745,0.023682408,99.77369,51.75171,4.078884,3.80275726,53,135,405.000031,270,0,0,0,0,1024,37.0625,986.9375,3.61938477,20,7.54560852
02/01/2021 23:59:58,100,100,100,70,67,70,2494.34155,2494.34155,13.0874119,10.04045,0.0235450976,99.77367,51.74929,4.07869339,3.802948,53,135,405.000031,270,0,0,0,0,1024,37.0625,986.9375,3.61938477,20,7.54560852
02/01/2021 23:59:59,100,100,100,70,68,70,2494.343,2494.343,13.0712576,9.995012,0.02568141,99.77373,51.75408,4.079071,3.80257034,53,135,405.000031,270,0,0,0,0,1024,37.0625,986.9375,3.61938477,20,7.54560852
